First Name,Last Name,Team,Age,Position,PosVal,ID,GP,G,G/GP,A,A/GP,P,P/GP,+/-,PPP,PPP/GP,SHP,SOG,SOG/GP,H,H/GP,BLK,BLK/GP,SHF/GP,SH%,SAF,SAA,SAD,SADB,SADA,SADC,SADT,RSA%,USAF,USAA,USAD,USADB,USADA,USADC,USADT,RUSA%,SA%,ZS%,SH+SV%,ESSH%
Matt,Cullen,PIT,40,C,1,8464989,82,16,0.1951,16,0.1951,32,0.3902,5,0,0.0,6,118,1.439,40,0.4878,41,0.5,21.4268,0.1355,765,781,-16,25,-27,1,-14,-0.0412,580,573,7,20,3,-3,-16,-0.0335,0.4948,0.374,1.0002,0.0726
Zdeno,Chara,BOS,39,D,0,8465009,80,9,0.1125,28,0.35,37,0.4625,12,10,0.125,2,158,1.975,134,1.675,123,1.5375,29.25,0.0569,1353,1378,-25,73,-77,-16,-21,-0.0016,1019,1051,-32,35,-28,-34,-39,-0.0096,0.4954,0.4375,1.0091,0.0795
Joe,Thornton,SJS,37,C,1,8466138,82,19,0.2317,63,0.7682,82,1.0,25,29,0.3537,0,121,1.4756,48,0.5853,30,0.3658,23.9268,0.157,1158,901,257,108,47,185,102,0.0643,871,630,241,78,71,166,92,0.0716,0.5624,0.5566,1.0444,0.1055
Patrick,Marleau,SJS,37,C,1,8466139,82,25,0.3048,23,0.2804,48,0.5853,-22,25,0.3049,1,216,2.6341,64,0.7804,36,0.439,24.4268,0.1157,997,978,19,42,-48,41,25,-0.0166,733,676,57,34,-20,53,43,-0.0132,0.5048,0.4597,0.9754,0.0659
Derek,MacKenzie,FLA,35,C,1,8468001,64,6,0.0937,7,0.1093,13,0.2031,7,0,0.0,1,79,1.2343,154,2.4062,38,0.5937,19.1406,0.0759,414,502,-88,-3,-74,-22,-11,-0.0346,329,388,-59,5,-60,-13,-4,-0.0332,0.452,0.4831,1.0321,0.0681
Henrik,Zetterberg,DET,36,C,1,8468083,82,13,0.1585,37,0.4512,50,0.6097,-15,22,0.2683,0,214,2.6097,54,0.6585,26,0.317,24.0731,0.0607,1071,1038,33,40,-15,24,8,-0.0139,806,821,-15,-8,8,-20,-15,-0.0106,0.5078,0.5953,0.9899,0.0642
Marian,Gaborik,LAK,34,R,1,8468483,54,12,0.2222,10,0.1851,22,0.4074,-6,4,0.0741,0,142,2.6296,29,0.537,17,0.3148,19.4074,0.0845,694,522,172,86,30,134,56,0.0107,547,380,167,61,54,135,52,0.0438,0.5707,0.5502,0.9489,0.0511
Ron,Hainsey,CAR,35,D,0,8468493,81,5,0.0617,14,0.1728,19,0.2345,-13,0,0.0,0,131,1.6172,85,1.0493,126,1.5555,27.8271,0.0381,1364,1280,84,63,-56,88,77,0.0006,1019,967,52,28,-27,62,51,0.0077,0.5159,0.494,0.9787,0.0702
Brooks,Orpik,WSH,36,D,0,8468498,41,3,0.0731,7,0.1707,10,0.2439,11,0,0.0,0,31,0.756,125,3.0487,102,2.4878,25.4878,0.0967,700,636,64,45,11,44,8,-0.0051,519,459,60,27,28,36,5,-0.0018,0.524,0.5273,1.0072,0.1003
Justin,Williams,WSH,35,R,1,8468508,82,22,0.2682,30,0.3658,52,0.6341,15,9,0.1098,1,201,2.4512,32,0.3902,43,0.5243,20.7439,0.1094,1107,967,140,84,4,43,52,0.0331,826,713,113,44,38,34,31,0.0316,0.5338,0.5543,1.0022,0.0928
Niklas,Kronwall,DET,35,D,0,8468509,64,3,0.0468,23,0.3593,26,0.4062,-21,14,0.2188,0,61,0.9531,93,1.4531,81,1.2656,29.375,0.0491,870,882,-12,15,-6,6,-21,-0.0237,656,700,-44,-3,-2,-21,-39,-0.0191,0.4966,0.5363,0.9819,0.0591
Matt,Hendricks,EDM,35,C,1,8468611,68,5,0.0735,7,0.1029,12,0.1764,2,0,0.0,2,62,0.9117,175,2.5735,68,1.0,19.2205,0.0806,594,711,-117,0,-79,-73,-38,-0.0367,422,506,-84,-3,-58,-50,-23,-0.0303,0.4552,0.4,1.0042,0.0436
Deryk,Engelland,CGY,34,D,0,8468674,69,3,0.0434,9,0.1304,12,0.1739,7,0,0.0,1,71,1.0289,105,1.5217,107,1.5507,21.4347,0.0422,793,955,-162,-41,-56,-103,-65,-0.0358,600,684,-84,-23,-21,-59,-40,-0.018,0.4537,0.468,1.0088,0.0843
Jason,Spezza,DAL,33,C,1,8469455,75,33,0.44,30,0.4,63,0.84,4,24,0.32,0,202,2.6933,9,0.12,20,0.2666,21.8,0.1633,1089,904,185,91,16,155,78,0.0306,803,654,149,53,40,118,56,0.037,0.5464,0.5531,1.0107,0.0765
Mikko,Koivu,MIN,33,C,1,8469459,82,17,0.2073,39,0.4756,56,0.6829,6,20,0.2439,2,141,1.7195,38,0.4634,57,0.6951,24.0,0.1205,1056,980,76,90,-64,98,50,0.0567,786,714,72,59,-18,93,31,0.0532,0.5187,0.5681,1.0119,0.0919
Dan,Hamhuis,VAN,34,D,0,8469465,58,3,0.0517,10,0.1724,13,0.2241,-2,3,0.0517,0,72,1.2413,64,1.1034,72,1.2413,28.2586,0.0416,846,842,4,27,10,1,-33,0.0292,638,665,-27,-3,16,-10,-40,0.0306,0.5012,0.5172,0.988,0.0645
Chris,Thorburn,WPG,33,R,1,8469501,82,6,0.0731,6,0.0731,12,0.1463,-1,0,0.0,1,70,0.8536,146,1.7804,32,0.3902,15.7073,0.0857,590,705,-115,-11,-59,-73,-45,-0.0717,436,523,-87,-27,-17,-69,-43,-0.0709,0.4556,0.5,1.0011,0.0667
Jason,Pominville,MIN,34,R,1,8469506,75,11,0.1466,25,0.3333,36,0.48,10,10,0.1333,0,187,2.4933,31,0.4133,31,0.4133,20.7866,0.0588,997,930,67,47,-6,33,26,0.0544,765,688,77,14,43,34,20,0.0553,0.5174,0.5912,1.0093,0.0689
Tomas,Plekanec,MTL,34,C,1,8469521,82,14,0.1707,40,0.4878,54,0.6585,4,13,0.1585,0,189,2.3048,60,0.7317,46,0.5609,26.7926,0.074,1075,964,111,63,29,41,19,0.0165,776,733,43,26,34,0,-17,0.0018,0.5272,0.4684,1.0094,0.0822
Valtteri,Filppula,TBL,32,C,1,8470047,76,8,0.1052,23,0.3026,31,0.4078,-6,8,0.1053,1,101,1.3289,30,0.3947,25,0.3289,22.3289,0.0792,912,869,43,22,30,28,-9,-0.0123,687,648,39,-12,44,40,7,0.0007,0.5121,0.4961,0.9839,0.0541
Trevor,Daley,CHI/ PIT,33,D,0,8470110,82,6,0.0731,22,0.2682,28,0.3414,9,9,0.1098,0,130,1.5853,42,0.5121,79,0.9634,24.5121,0.0461,1242,1052,190,111,24,115,55,0.0054,899,790,109,32,43,69,34,-0.0032,0.5414,0.579,1.0117,0.0775
Frans,Nielsen,NYI,32,C,1,8470144,81,20,0.2469,32,0.395,52,0.6419,1,20,0.2469,2,181,2.2345,35,0.432,92,1.1358,24.0987,0.1104,943,899,44,44,-48,2,48,0.0216,686,615,71,28,-11,23,54,0.0367,0.5119,0.462,0.9996,0.0717
Jay,Bouwmeester,STL,33,D,0,8470151,72,3,0.0416,16,0.2222,19,0.2638,-4,2,0.0278,0,105,1.4583,71,0.9861,110,1.5277,29.7361,0.0285,1185,1195,-10,39,-4,-41,-45,-0.0381,892,908,-16,16,-1,-48,-31,-0.0453,0.4979,0.4738,1.0007,0.0638
Johnny,Boychuk,NYI,32,D,0,8470187,70,9,0.1285,16,0.2285,25,0.3571,17,5,0.0714,0,165,2.3571,149,2.1285,140,2.0,24.7571,0.0545,1101,1162,-61,19,-90,-71,10,0.0,804,822,-18,9,-36,-47,9,0.0044,0.4865,0.4802,1.0264,0.0835
Alexander,Steen,STL,32,L,1,8470257,67,17,0.2537,35,0.5223,52,0.7761,3,21,0.3134,1,172,2.5671,50,0.7462,35,0.5223,29.1044,0.0988,878,877,1,28,-31,-8,4,-0.017,649,639,10,9,-25,9,26,-0.0144,0.5003,0.5028,1.0103,0.0764
Duncan,Keith,CHI,33,D,0,8470281,67,9,0.1343,34,0.5074,43,0.6417,13,18,0.2687,1,130,1.9402,16,0.2388,116,1.7313,30.791,0.0692,1161,1060,101,98,-1,-7,4,0.0239,857,773,84,59,29,8,-4,0.0326,0.5227,0.457,0.9968,0.0671
Jonathan,Ericsson,DET,32,D,0,8470318,71,3,0.0422,12,0.169,15,0.2112,2,0,0.0,0,68,0.9577,121,1.7042,48,0.676,27.5633,0.0441,906,934,-28,22,-45,-34,-5,-0.0305,676,764,-88,-12,-45,-75,-31,-0.0432,0.4924,0.4948,1.0169,0.084
Chris,Kunitz,PIT,37,L,1,8470543,80,17,0.2125,23,0.2875,40,0.5,29,6,0.075,0,150,1.875,264,3.3,33,0.4125,23.5,0.1133,1180,936,244,117,15,160,112,0.0429,875,683,192,65,40,117,87,0.0449,0.5577,0.5712,1.0336,0.0943
Eric,Staal,CAR/ NYR,32,C,1,8470595,83,13,0.1566,26,0.3132,39,0.4698,-2,7,0.0843,0,199,2.3975,74,0.8915,33,0.3975,23.9277,0.0653,1271,1032,239,142,16,125,81,0.0596,937,792,145,81,14,70,50,0.0533,0.5519,0.5639,0.992,0.0692
Thomas,Vanek,MIN,32,L,1,8470598,74,18,0.2432,23,0.3108,41,0.554,-10,14,0.1892,0,146,1.9729,18,0.2432,17,0.2297,19.3783,0.1232,762,900,-138,-17,-27,-79,-94,-0.024,556,674,-118,-33,-8,-63,-77,-0.0442,0.4585,0.6004,1.0126,0.0831
Ryan,Suter,MIN,31,D,0,8470600,82,8,0.0975,43,0.5243,51,0.6219,10,21,0.2561,2,188,2.2926,69,0.8414,142,1.7317,31.6097,0.0425,1582,1566,16,74,-45,29,-13,0.0438,1203,1145,58,30,24,64,4,0.0479,0.5025,0.5298,1.0036,0.076
Braydon,Coburn,TBL,31,D,0,8470601,80,1,0.0125,9,0.1125,10,0.125,12,0,0.0,1,92,1.15,111,1.3875,88,1.1,21.5625,0.0108,985,947,38,45,-2,26,-5,-0.0197,730,734,-4,5,3,2,-12,-0.0249,0.5098,0.4968,1.0112,0.0874
Dion,Phaneuf,TOR/ OTT,31,D,0,8470602,71,4,0.0563,28,0.3943,32,0.4507,-7,9,0.1268,2,144,2.0281,168,2.3661,89,1.2535,30.0422,0.0277,1177,1141,36,59,-1,5,-22,0.0106,884,890,-6,34,-4,-22,-36,0.0131,0.5078,0.5236,0.9898,0.0581
Jeff,Carter,LAK,31,C,1,8470604,77,24,0.3116,38,0.4935,62,0.8051,18,12,0.1558,2,242,3.1428,89,1.1558,39,0.5064,23.1948,0.0991,1154,903,251,164,23,161,64,-0.0075,868,711,157,117,10,105,30,-0.0217,0.561,0.5931,0.9971,0.0688
Dustin,Brown,LAK,32,R,1,8470606,82,11,0.1341,17,0.2073,28,0.3414,-5,3,0.0366,1,218,2.6585,234,2.8536,20,0.2439,21.6341,0.0504,1148,822,326,85,74,255,167,0.0262,872,621,251,52,73,207,126,0.0308,0.5827,0.5597,0.9761,0.0474
Brent,Seabrook,CHI,31,D,0,8470607,81,14,0.1728,35,0.432,49,0.6049,6,25,0.3086,0,167,2.0617,121,1.4938,150,1.8518,30.432,0.0838,1258,1395,-137,11,-143,-44,-5,-0.0495,915,1026,-111,-11,-78,-38,-22,-0.0457,0.4742,0.5403,0.9997,0.0635
Zach,Parise,MIN,32,L,1,8470610,70,25,0.3571,28,0.4,53,0.7571,-3,18,0.2571,0,234,3.3428,71,1.0142,42,0.6,23.2571,0.1068,953,964,-11,50,-51,10,-10,0.0245,726,728,-2,23,-5,-3,-20,0.0144,0.4971,0.6096,0.9991,0.0619
Ryan,Getzlaf,ANA,31,C,1,8470612,77,13,0.1688,50,0.6493,63,0.8181,14,22,0.2857,1,178,2.3116,108,1.4025,61,0.7922,24.5324,0.073,1091,899,192,82,-16,150,126,0.0271,811,648,163,54,15,113,94,0.0258,0.5482,0.5239,0.9994,0.0721
Brent,Burns,SJS,31,D,0,8470613,82,27,0.3292,48,0.5853,75,0.9146,-5,30,0.3659,2,353,4.3048,101,1.2317,145,1.7682,27.4634,0.0764,1552,1363,189,121,-27,137,95,0.0265,1142,977,165,63,6,120,96,0.0157,0.5324,0.5087,0.9975,0.0772
Ryan,Kesler,ANA,32,C,1,8470616,79,21,0.2658,32,0.405,53,0.6708,5,15,0.1899,1,164,2.0759,168,2.1265,92,1.1645,26.9746,0.128,1043,933,110,65,4,54,41,0.0058,792,671,121,38,33,54,50,0.0148,0.5278,0.3873,0.9849,0.0612
Brian,Boyle,TBL,32,C,1,8470619,76,13,0.171,7,0.0921,20,0.2631,-7,3,0.0395,2,117,1.5394,115,1.5131,48,0.6315,17.25,0.1111,666,641,25,23,-26,29,28,-0.0173,504,490,14,10,-11,22,15,-0.0143,0.5096,0.4537,0.976,0.0691
Corey,Perry,ANA,31,R,1,8470621,82,34,0.4146,28,0.3414,62,0.756,2,24,0.2927,0,215,2.6219,104,1.2682,36,0.439,22.1097,0.1581,1077,1013,64,40,-49,69,73,-0.0123,820,745,75,16,-12,63,71,-0.0104,0.5153,0.5688,1.01,0.0805
Loui,Eriksson,BOS,31,L,1,8470626,82,30,0.3658,33,0.4024,63,0.7682,13,17,0.2073,3,184,2.2439,22,0.2682,34,0.4146,23.6097,0.163,1104,1024,80,123,-42,41,-1,0.033,832,760,72,84,-1,26,-11,0.0367,0.5188,0.5041,1.0255,0.0791
Patrice,Bergeron,BOS,31,C,1,8470638,80,32,0.4,36,0.45,68,0.85,12,25,0.3125,3,282,3.525,77,0.9625,56,0.7,26.0,0.1134,1138,901,237,96,27,165,114,0.0837,873,662,211,87,35,142,89,0.0968,0.5581,0.4491,0.9978,0.0722
Shea,Weber,NSH,31,D,0,8470642,78,20,0.2564,31,0.3974,51,0.6538,-7,26,0.3333,1,189,2.423,169,2.1666,160,2.0512,29.923,0.1058,1390,1318,72,121,-39,37,-10,-0.0281,1053,927,126,101,7,84,18,-0.0142,0.5133,0.5085,0.9829,0.0686
David,Backes,STL,32,R,1,8470655,79,21,0.2658,24,0.3037,45,0.5696,4,13,0.1646,0,168,2.1265,239,3.0253,63,0.7974,27.5063,0.125,1016,964,52,53,13,22,-14,-0.0087,787,692,95,43,26,63,26,0.0129,0.5131,0.38,0.9993,0.0603
Marc,Methot,OTT,31,D,0,8470760,69,5,0.0724,7,0.1014,12,0.1739,12,0,0.0,0,74,1.0724,124,1.7971,90,1.3043,25.5072,0.0675,1028,1173,-145,-9,-86,-113,-50,-0.0059,740,892,-152,-42,-44,-114,-66,-0.013,0.4671,0.5012,1.0192,0.0959
Nate,Thompson,ANA,32,C,1,8470775,49,3,0.0612,3,0.0612,6,0.1224,-1,0,0.0,1,42,0.8571,103,2.102,40,0.8163,18.4489,0.0714,394,411,-17,-6,-25,13,14,-0.0449,283,283,0,-5,-10,20,15,-0.049,0.4894,0.481,0.9887,0.0521
Joe,Pavelski,SJS,32,C,1,8470794,82,38,0.4634,40,0.4878,78,0.9512,25,28,0.3415,0,224,2.7317,147,1.7926,67,0.817,25.2073,0.1696,1223,988,235,108,54,161,73,0.0528,910,694,216,79,75,137,62,0.0548,0.5531,0.5606,1.0366,0.1005
Kyle,Brodziak,STL,32,C,1,8470803,76,7,0.0921,4,0.0526,11,0.1447,-1,0,0.0,3,49,0.6447,50,0.6578,37,0.4868,17.0657,0.1428,524,516,8,44,8,-48,-44,-0.0213,368,372,-4,20,8,-48,-32,-0.0329,0.5038,0.3534,0.9846,0.0547
Dustin,Byfuglien,WPG,31,D,0,8470834,81,19,0.2345,34,0.4197,53,0.6543,4,17,0.2099,2,247,3.0493,222,2.7407,105,1.2962,27.4567,0.0769,1502,1285,217,112,38,137,67,0.0424,1126,977,149,53,51,93,45,0.04,0.5389,0.5191,1.0008,0.0888
Mark,Giordano,CGY,33,D,0,8470966,82,21,0.256,35,0.4268,56,0.6829,-5,19,0.2317,3,212,2.5853,65,0.7926,193,2.3536,30.4512,0.099,1358,1345,13,115,-71,-29,-31,0.0355,973,976,-3,52,-30,-31,-25,0.0236,0.5024,0.4691,0.984,0.085
Alex,Ovechkin,WSH,31,L,1,8471214,79,50,0.6329,21,0.2658,71,0.8987,21,24,0.3038,0,398,5.0379,225,2.8481,34,0.4303,21.6962,0.1256,1222,1074,148,53,10,99,85,0.0353,899,761,138,10,56,82,72,0.0417,0.5322,0.5142,1.0271,0.0922
Evgeni,Malkin,PIT,30,C,1,8471215,57,27,0.4736,31,0.5438,58,1.0175,1,27,0.4737,0,162,2.8421,27,0.4736,19,0.3333,23.7017,0.1666,809,679,130,96,-7,92,41,0.0346,622,541,81,49,7,61,25,0.0193,0.5437,0.6537,1.0009,0.0711
Andrew,Ladd,WPG/ CHI,31,L,1,8471217,78,25,0.3205,21,0.2692,46,0.5897,-13,14,0.1795,2,181,2.3205,155,1.9871,42,0.5384,25.0384,0.1381,976,950,26,27,-2,-40,1,-0.0087,700,704,-4,-11,18,-44,-11,-0.0134,0.5067,0.5069,1.0012,0.076
Blake,Wheeler,WPG,30,R,1,8471218,82,26,0.317,52,0.6341,78,0.9512,8,17,0.2073,4,256,3.1219,92,1.1219,56,0.6829,25.6219,0.1015,1223,994,229,139,52,115,38,0.0557,920,751,169,78,62,81,29,0.057,0.5516,0.5331,1.0153,0.0926
Drew,Stafford,WPG,31,R,1,8471226,78,21,0.2692,17,0.2179,38,0.4871,-23,9,0.1154,3,187,2.3974,59,0.7564,15,0.1923,23.2179,0.1122,970,922,48,41,5,43,2,0.0019,724,691,33,-7,27,38,13,0.0014,0.5127,0.5402,0.9534,0.0663
Travis,Zajac,NJD,31,C,1,8471233,74,14,0.1891,28,0.3783,42,0.5675,3,17,0.2297,3,111,1.5,65,0.8783,41,0.554,25.4459,0.1261,721,862,-141,-13,-56,-58,-72,-0.0078,545,641,-96,-17,-41,-21,-38,-0.0137,0.4555,0.407,1.0186,0.0769
Mike,Green,DET,31,D,0,8471242,74,7,0.0945,28,0.3783,35,0.4729,-6,20,0.2703,0,124,1.6756,106,1.4324,71,0.9594,24.7432,0.0564,1097,891,206,55,90,116,61,0.0461,849,714,135,15,84,70,36,0.0573,0.5518,0.6961,0.9844,0.067
Blake,Comeau,COL,30,L,1,8471260,81,12,0.1481,24,0.2962,36,0.4444,-9,8,0.0988,2,142,1.753,173,2.1358,35,0.432,22.7901,0.0845,861,997,-136,26,-143,-111,-19,0.0302,642,705,-63,11,-67,-66,-7,0.0326,0.4634,0.3734,0.9969,0.065
Carl,Soderberg,COL,31,C,1,8471262,82,12,0.1463,39,0.4756,51,0.6219,-7,14,0.1707,2,163,1.9878,27,0.3292,71,0.8658,22.7682,0.0736,864,1049,-185,16,-159,-166,-42,0.0132,660,738,-78,1,-69,-89,-10,0.0265,0.4516,0.3748,1.0033,0.078
Brandon,Dubinsky,CBJ,30,C,1,8471273,75,17,0.2266,31,0.4133,48,0.64,-16,10,0.1333,0,158,2.1066,235,3.1333,40,0.5333,24.44,0.1075,985,987,-2,30,-48,-12,16,0.0216,721,723,-2,-1,-27,-8,26,0.0162,0.4995,0.4398,0.9792,0.0785
Alex,Goligoski,DAL,31,D,0,8471274,82,5,0.0609,32,0.3902,37,0.4512,21,5,0.061,1,127,1.5487,100,1.2195,159,1.939,29.4634,0.0393,1671,1445,226,81,39,158,106,0.018,1227,1088,139,28,42,99,69,0.009,0.5363,0.5031,1.0042,0.0892
David,Krejci,BOS,30,C,1,8471276,72,17,0.2361,46,0.6388,63,0.875,4,18,0.25,3,143,1.9861,43,0.5972,57,0.7916,24.1111,0.1188,973,971,2,84,-64,11,-18,0.0077,714,722,-8,47,-30,-13,-25,0.0019,0.5005,0.4985,1.0232,0.0935
Andrej,Sekera,EDM,30,D,0,8471284,81,6,0.074,24,0.2962,30,0.3703,-15,14,0.1728,1,155,1.9135,60,0.7407,156,1.9259,28.2839,0.0387,1266,1324,-58,83,-98,-38,-43,0.0009,907,964,-57,30,-57,-42,-30,0.0028,0.4888,0.4536,0.9795,0.0656
Alexander,Edler,VAN,30,D,0,8471303,52,6,0.1153,14,0.2692,20,0.3846,-8,9,0.1731,0,111,2.1346,84,1.6153,106,2.0384,30.75,0.054,709,803,-94,-3,-57,-34,-34,-0.0047,557,561,-4,-8,-12,23,16,0.0323,0.4689,0.4143,0.996,0.0839
Roman,Polak,TOR/ SJS,30,D,0,8471392,79,1,0.0126,15,0.1898,16,0.2025,6,0,0.0,0,91,1.1518,303,3.8354,146,1.8481,24.5569,0.0109,1129,1133,-4,-2,-7,4,5,-0.0297,800,830,-30,-27,-4,-18,1,-0.0302,0.4991,0.4854,1.0054,0.067
Troy,Brouwer,STL,31,R,1,8471426,82,18,0.2195,21,0.256,39,0.4756,2,10,0.122,0,142,1.7317,200,2.439,52,0.6341,25.6829,0.1267,951,969,-18,25,-15,-41,-28,-0.0338,719,703,16,12,10,-15,-6,-0.0232,0.4953,0.4045,1.0117,0.0725
Matt,Hunwick,TOR,31,D,0,8471436,60,2,0.0333,8,0.1333,10,0.1666,-17,2,0.0333,0,74,1.2333,126,2.1,98,1.6333,30.1333,0.027,973,1085,-112,40,-57,-116,-95,-0.0622,730,838,-108,5,-42,-104,-71,-0.0546,0.4728,0.4384,0.9792,0.0586
Cody,McLeod,COL,32,L,1,8471657,82,8,0.0975,5,0.0609,13,0.1585,1,1,0.0122,0,73,0.8902,240,2.9268,28,0.3414,14.9878,0.1095,582,758,-176,-35,-127,-89,-14,-0.0093,452,557,-105,-22,-87,-39,4,-0.0057,0.4343,0.3817,1.0134,0.0712
Paul,Stastny,STL,31,C,1,8471669,64,10,0.1562,39,0.6093,49,0.7656,3,14,0.2188,0,103,1.6093,32,0.5,40,0.625,26.7812,0.097,958,838,120,48,7,48,65,0.0186,721,624,97,31,9,36,57,0.022,0.5334,0.5181,1.0047,0.0766
Sidney,Crosby,PIT,29,C,1,8471675,80,36,0.45,49,0.6125,85,1.0625,19,24,0.3,0,248,3.1,90,1.125,35,0.4375,26.425,0.1451,1290,1077,213,100,10,168,103,0.0259,948,787,161,54,35,115,72,0.0249,0.545,0.5385,1.0139,0.0887
Bobby,Ryan,OTT,29,R,1,8471676,81,22,0.2716,34,0.4197,56,0.6913,-9,16,0.1975,0,183,2.2592,106,1.3086,24,0.2962,21.7283,0.1202,918,1070,-152,0,-77,-95,-75,-0.0194,665,816,-151,-34,-67,-83,-50,-0.0264,0.4618,0.6154,1.018,0.0958
Jack,Johnson,CBJ,29,D,0,8471677,60,6,0.1,8,0.1333,14,0.2333,-16,6,0.1,0,86,1.4333,98,1.6333,102,1.7,28.05,0.0697,910,1049,-139,-55,-93,-68,9,-0.0281,681,776,-95,-68,-54,-36,27,-0.0311,0.4645,0.4441,0.9901,0.0623
Anze,Kopitar,LAK,29,C,1,8471685,81,25,0.3086,49,0.6049,74,0.9135,34,18,0.2222,3,177,2.1851,78,0.9629,65,0.8024,25.1358,0.1412,1273,941,332,149,68,228,115,0.0161,965,718,247,86,75,175,86,0.0159,0.575,0.5222,1.0253,0.0949
Marc,Staal,NYR,29,D,0,8471686,77,2,0.0259,13,0.1688,15,0.1948,2,0,0.0,0,65,0.8441,65,0.8441,120,1.5584,27.2987,0.0307,1050,1267,-217,-4,-108,-139,-105,-0.0253,781,921,-140,-16,-54,-90,-70,-0.0268,0.4532,0.406,1.0117,0.0783
Martin,Hanzal,ARI,29,C,1,8471691,64,13,0.2031,28,0.4375,41,0.6406,-5,13,0.2031,1,141,2.2031,126,1.9687,28,0.4375,23.0312,0.0921,765,771,-6,47,-20,-52,-33,0.0419,570,592,-22,24,-12,-37,-34,0.0371,0.498,0.5152,1.019,0.0904
T.J.,Oshie,WSH,30,R,1,8471698,80,26,0.325,25,0.3125,51,0.6375,16,17,0.2125,0,185,2.3125,134,1.675,62,0.775,23.225,0.1405,1062,1020,42,33,-12,36,21,0.0013,786,717,69,5,46,37,18,0.0126,0.5101,0.5058,1.0266,0.0866
Andrew,Cogliano,ANA,29,L,1,8471699,82,9,0.1097,23,0.2804,32,0.3902,2,0,0.0,3,131,1.5975,124,1.5121,27,0.3292,22.1707,0.0687,941,843,98,56,-39,110,81,0.0048,720,629,91,25,-18,98,84,0.0034,0.5275,0.408,0.9877,0.0653
Matt,Niskanen,WSH,30,D,0,8471702,82,5,0.0609,27,0.3292,32,0.3902,10,16,0.1951,0,150,1.8292,157,1.9146,145,1.7682,28.7073,0.0333,1367,1314,53,89,-30,-7,-6,-0.0004,1019,937,82,46,37,16,-1,0.0106,0.5099,0.4403,1.0113,0.0716
James,Neal,NSH,29,L,1,8471707,82,31,0.378,27,0.3292,58,0.7073,27,14,0.1707,0,268,3.2682,113,1.378,31,0.378,23.5487,0.1156,1216,1052,164,157,-35,107,42,0.0168,896,760,136,109,-23,99,50,0.008,0.5362,0.6086,1.0315,0.0848
Marc-Edouard,Vlasic,SJS,29,D,0,8471709,67,8,0.1194,31,0.4626,39,0.582,15,10,0.1493,2,116,1.7313,47,0.7014,129,1.9253,27.1791,0.0689,1086,972,114,87,-20,104,47,0.0274,796,679,117,66,22,86,29,0.027,0.5277,0.4405,1.0102,0.1002
Justin,Abdelkader,DET,29,L,1,8471716,82,19,0.2317,23,0.2804,42,0.5121,-16,13,0.1585,0,155,1.8902,207,2.5243,44,0.5365,24.3536,0.1225,902,915,-13,39,-29,-4,-23,-0.0288,675,728,-53,-8,-9,-38,-36,-0.0297,0.4964,0.581,0.9892,0.0673
Adam,McQuaid,BOS,30,D,0,8471717,64,1,0.0156,8,0.125,9,0.1406,6,0,0.0,0,42,0.6562,142,2.2187,121,1.8906,25.4843,0.0238,863,902,-39,27,-67,-28,1,-0.0145,637,654,-17,13,-34,-9,4,-0.012,0.489,0.5007,0.9979,0.063
Kris,Letang,PIT,29,D,0,8471724,71,16,0.2253,51,0.7183,67,0.9436,9,27,0.3803,3,218,3.0704,135,1.9014,122,1.7183,30.9577,0.0733,1424,1183,241,171,-2,146,72,0.0333,1031,857,174,115,24,90,35,0.0285,0.5462,0.5417,0.987,0.0679
Kris,Russell,CGY/ DAL,29,D,0,8471729,62,4,0.0645,15,0.2419,19,0.3064,-5,4,0.0645,0,70,1.129,40,0.6451,210,3.387,31.0161,0.0571,976,1198,-222,-46,-72,-149,-104,-0.0457,726,822,-96,-19,-28,-51,-49,-0.0361,0.4489,0.4958,1.0054,0.1039
Keith,Yandle,NYR,30,D,0,8471735,82,5,0.0609,42,0.5121,47,0.5731,-4,22,0.2683,0,160,1.9512,43,0.5243,68,0.8292,26.256,0.0312,1231,1211,20,84,-119,58,55,0.0459,897,919,-22,31,-82,15,29,0.0229,0.5041,0.6573,1.0197,0.0819
Niklas,Hjalmarsson,CHI,29,D,0,8471769,81,2,0.0246,22,0.2716,24,0.2962,13,2,0.0247,3,77,0.9506,32,0.395,151,1.8641,30.753,0.0259,1343,1249,94,86,11,10,-3,0.0178,993,915,78,47,37,24,-6,0.0297,0.5181,0.4519,0.9834,0.0628
Darren,Helm,DET,29,L,1,8471794,77,13,0.1688,13,0.1688,26,0.3376,-2,0,0.0,0,165,2.1428,115,1.4935,26,0.3376,21.6103,0.0787,835,773,62,44,32,23,-14,-0.0011,620,639,-19,-2,14,-33,-31,-0.0196,0.5193,0.4475,0.9971,0.0716
Ryan,Reaves,STL,29,R,1,8471817,64,3,0.0468,1,0.0156,4,0.0625,-6,0,0.0,0,31,0.4843,206,3.2187,10,0.1562,11.9062,0.0967,368,408,-40,18,-5,-76,-53,-0.0459,267,301,-34,14,-5,-65,-43,-0.053,0.4742,0.4831,0.9768,0.0321
Anton,Stralman,TBL,30,D,0,8471873,73,9,0.1232,25,0.3424,34,0.4657,16,12,0.1644,0,127,1.7397,99,1.3561,73,1.0,25.0958,0.0708,1113,912,201,86,5,138,110,0.0433,842,677,165,60,26,110,79,0.0574,0.5496,0.5525,1.0156,0.0667
Patric,Hornqvist,PIT,29,R,1,8471887,82,22,0.2682,29,0.3536,51,0.6219,15,15,0.1829,0,257,3.1341,160,1.9512,54,0.6585,22.817,0.0856,1182,919,263,155,20,175,88,0.0501,856,668,188,93,40,120,55,0.0453,0.5626,0.5543,1.014,0.0781
Dan,Girardi,NYR,32,D,0,8471958,74,2,0.027,15,0.2027,17,0.2297,18,0,0.0,1,77,1.0405,168,2.2702,195,2.6351,28.081,0.0259,970,1359,-389,-13,-185,-233,-191,-0.0839,733,966,-233,-22,-96,-126,-115,-0.0714,0.4165,0.4047,1.0363,0.0933
Andy,Greene,NJD,34,D,0,8472382,82,4,0.0487,9,0.1097,13,0.1585,7,2,0.0244,0,63,0.7682,73,0.8902,154,1.878,28.378,0.0634,921,1197,-276,-58,-156,-147,-62,-0.0416,712,858,-146,-36,-98,-48,-12,-0.0247,0.4348,0.3198,1.0165,0.0746
Bryan,Little,WPG,29,C,1,8473412,57,17,0.2982,25,0.4385,42,0.7368,-13,12,0.2105,2,127,2.228,48,0.8421,22,0.3859,26.3157,0.1338,795,670,125,76,43,33,6,0.0342,586,523,63,26,52,-5,-15,0.017,0.5427,0.544,0.9924,0.0775
Alex,Biega,VAN,28,D,0,8473415,51,0,0.0,7,0.1372,7,0.1372,-11,0,0.0,0,61,1.196,124,2.4313,41,0.8039,24.1568,0.0,661,745,-84,6,-57,-49,-33,0.0172,478,613,-135,-40,-60,-81,-35,-0.0081,0.4701,0.5682,0.9972,0.0705
Brad,Marchand,BOS,28,L,1,8473419,77,37,0.4805,24,0.3116,61,0.7922,21,8,0.1039,6,250,3.2467,65,0.8441,35,0.4545,25.1168,0.148,1169,958,211,93,-2,177,120,0.0788,903,711,192,80,30,142,82,0.0916,0.5496,0.4666,1.0102,0.0794
Nick,Foligno,CBJ,29,L,1,8473422,72,12,0.1666,25,0.3472,37,0.5138,-14,13,0.1806,0,149,2.0694,152,2.1111,46,0.6388,21.1527,0.0805,881,823,58,67,-11,36,2,0.0499,654,610,44,37,-2,28,9,0.0431,0.517,0.5018,0.9838,0.0644
Erik,Johnson,COL,28,D,0,8473446,73,11,0.1506,16,0.2191,27,0.3698,-19,6,0.0822,3,175,2.3972,126,1.726,197,2.6986,28.7945,0.0628,1047,1321,-274,-10,-205,-175,-59,0.0059,805,895,-90,9,-93,-60,-6,0.036,0.4421,0.4234,0.9859,0.0657
Kyle,Okposo,NYI,28,R,1,8473449,79,22,0.2784,42,0.5316,64,0.8101,-4,23,0.2911,0,202,2.5569,90,1.1392,39,0.4936,21.6202,0.1089,1060,1021,39,40,-62,-25,61,0.0184,776,695,81,23,-4,19,62,0.0391,0.5094,0.54,0.9981,0.0783
Trevor,Lewis,LAK,29,C,1,8473453,75,8,0.1066,8,0.1066,16,0.2133,-10,1,0.0133,1,167,2.2266,168,2.24,28,0.3733,20.4133,0.0479,870,689,181,51,25,152,105,-0.0096,672,493,179,49,49,135,81,0.017,0.5581,0.5556,0.9576,0.047
Leo,Komarov,TOR,29,C,1,8473463,67,19,0.2835,17,0.2537,36,0.5373,-12,7,0.1045,1,130,1.9402,283,4.2238,27,0.4029,26.7761,0.1461,897,789,108,60,36,43,12,0.0244,669,606,63,19,38,17,6,0.0325,0.532,0.5121,0.965,0.0576
Jamie,McGinn,BUF/ ANA,28,L,1,8473465,84,22,0.2619,17,0.2023,39,0.4642,-7,12,0.1429,0,156,1.8571,164,1.9523,27,0.3214,18.3928,0.141,787,871,-84,5,-52,-52,-37,-0.0094,582,648,-66,-13,-22,-45,-31,-0.0123,0.4747,0.4589,0.9936,0.0825
Eric,Gryba,EDM,28,D,0,8473468,53,1,0.0188,5,0.0943,6,0.1132,0,0,0.0,0,58,1.0943,132,2.4905,78,1.4716,23.7547,0.0172,747,761,-14,41,-46,-12,-9,0.0128,534,566,-32,19,-47,-27,-4,0.0069,0.4954,0.5072,0.9952,0.0684
Milan,Lucic,LAK,28,L,1,8473473,81,20,0.2469,35,0.432,55,0.679,26,8,0.0988,0,124,1.5308,244,3.0123,22,0.2716,21.1728,0.1612,1337,915,422,186,97,284,139,0.0423,992,704,288,126,70,191,92,0.0328,0.5937,0.5785,1.0144,0.0935
Cal,Clutterbuck,NYI,29,R,1,8473504,77,15,0.1948,8,0.1038,23,0.2987,7,0,0.0,3,80,1.0389,288,3.7402,34,0.4415,19.1298,0.1875,604,640,-36,20,-37,-4,-19,-0.0155,439,469,-30,-6,-12,-5,-12,-0.0232,0.4855,0.4073,1.0084,0.0912
Jeff,Petry,MTL,29,D,0,8473507,51,5,0.098,11,0.2156,16,0.3137,-6,5,0.098,3,98,1.9215,86,1.6862,73,1.4313,26.8627,0.051,828,690,138,58,32,96,48,0.026,590,501,89,22,40,60,27,0.0227,0.5455,0.464,0.9723,0.0559
Claude,Giroux,PHI,28,C,1,8473512,78,22,0.282,45,0.5769,67,0.8589,-8,27,0.3462,2,241,3.0897,83,1.0641,36,0.4615,27.2307,0.0912,1127,1027,100,134,-48,74,14,0.0306,805,750,55,81,-22,56,-4,0.0282,0.5232,0.5138,0.9964,0.068
Jordan,Staal,CAR,28,C,1,8473533,82,20,0.2439,28,0.3414,48,0.5853,6,10,0.122,2,151,1.8414,165,2.0121,31,0.378,25.6585,0.1324,1032,895,137,80,-7,101,64,0.0287,749,680,69,41,2,50,26,0.0236,0.5355,0.4332,0.9973,0.0699
Patrik,Berglund,STL,28,C,1,8473534,42,10,0.238,5,0.119,15,0.3571,1,4,0.0952,0,80,1.9047,48,1.1428,17,0.4047,23.4047,0.125,492,459,33,24,-7,7,16,0.0076,392,341,51,31,-8,28,28,0.0273,0.5174,0.4128,1.0143,0.0722
Derick,Brassard,NYR,29,C,1,8473544,80,27,0.3375,31,0.3875,58,0.725,12,22,0.275,0,182,2.275,103,1.2875,23,0.2875,23.4375,0.1483,1002,1115,-113,35,-125,-46,-23,0.0013,722,799,-77,-12,-42,-34,-23,-0.0036,0.4733,0.5829,1.0348,0.0975
Michael,Grabner,TOR,29,R,1,8473546,80,9,0.1125,9,0.1125,18,0.225,-4,0,0.0,1,116,1.45,41,0.5125,55,0.6875,22.7375,0.0775,784,810,-26,-6,-6,-34,-14,-0.0276,569,627,-58,-35,-17,-47,-6,-0.0278,0.4918,0.3993,0.9856,0.0587
Phil,Kessel,PIT,29,R,1,8473548,82,26,0.317,33,0.4024,59,0.7195,9,17,0.2073,0,274,3.3414,9,0.1097,13,0.1585,23.0,0.0948,1157,991,166,93,19,106,54,0.0164,859,766,93,60,18,55,15,-0.001,0.5386,0.6319,1.0136,0.0829
Nicklas,Backstrom,WSH,29,C,1,8473563,75,20,0.2666,50,0.6666,70,0.9333,17,30,0.4,0,129,1.72,51,0.68,50,0.6666,23.24,0.155,1051,965,86,76,-27,73,37,0.0211,751,686,65,36,6,53,23,0.0166,0.5213,0.4888,1.0305,0.0821
Michael,Frolik,CGY,28,R,1,8473564,64,15,0.2343,17,0.2656,32,0.5,1,1,0.0156,4,155,2.4218,49,0.7656,44,0.6875,23.2031,0.0967,858,810,48,74,-3,7,-23,0.0442,603,580,23,42,9,-4,-28,0.0347,0.5144,0.4795,0.9815,0.0787
Artem,Anisimov,CHI,28,C,1,8473573,77,20,0.2597,22,0.2857,42,0.5454,8,10,0.1299,4,121,1.5714,53,0.6883,40,0.5194,23.4545,0.1652,984,985,-1,22,-24,-18,1,-0.0113,691,734,-43,-21,-12,-37,-10,-0.0233,0.4997,0.6889,1.0072,0.0878
Andrew,MacDonald,PHI,30,D,0,8473584,28,1,0.0357,7,0.25,8,0.2857,10,2,0.0714,0,20,0.7142,14,0.5,72,2.5714,26.2142,0.05,432,451,-19,27,-21,-8,-25,-0.0633,312,297,15,17,12,4,-14,-0.0474,0.4892,0.5451,1.0248,0.1004
Jonathan,Toews,CHI,28,C,1,8473604,80,28,0.35,30,0.375,58,0.725,16,9,0.1125,7,179,2.2375,81,1.0125,38,0.475,25.4125,0.1564,1094,1049,45,75,-3,-30,-27,0.0097,797,781,16,44,11,-26,-39,0.0102,0.5105,0.5483,0.9963,0.0666
Mathieu,Perreault,WPG,28,C,1,8473618,71,9,0.1267,32,0.4507,41,0.5774,-11,15,0.2113,0,133,1.8732,83,1.169,33,0.4647,21.0563,0.0676,972,730,242,105,41,155,96,0.0738,713,542,171,41,42,126,88,0.0763,0.5711,0.5383,0.9772,0.0777
David,Schlemko,NJD,29,D,0,8473673,67,6,0.0895,13,0.194,19,0.2835,-22,12,0.1791,0,104,1.5522,47,0.7014,88,1.3134,24.5074,0.0576,712,743,-31,24,-31,-26,-24,0.0346,542,565,-23,8,-7,-20,-24,0.0193,0.4893,0.5796,0.9716,0.0709
Mark,Letestu,EDM,31,C,1,8473914,82,10,0.1219,15,0.1829,25,0.3048,-21,12,0.1463,3,107,1.3048,68,0.8292,33,0.4024,22.7317,0.0934,699,853,-154,3,-97,-114,-60,-0.0487,500,622,-122,-12,-73,-76,-37,-0.0476,0.4504,0.3694,0.9601,0.0457
Ben,Lovejoy,PIT,32,D,0,8473933,66,4,0.0606,6,0.0909,10,0.1515,9,0,0.0,1,90,1.3636,154,2.3333,104,1.5757,26.6818,0.0444,961,911,50,49,-45,84,46,-0.0084,739,681,58,34,-28,81,52,-0.0029,0.5134,0.4176,1.0032,0.0725
Alex,Killorn,TBL,27,L,1,8473986,81,14,0.1728,26,0.3209,40,0.4938,14,6,0.0741,1,154,1.9012,76,0.9382,23,0.2839,20.5185,0.0909,1028,906,122,47,2,117,73,0.0171,752,696,56,11,17,60,28,0.01,0.5315,0.5283,1.0176,0.0899
Karl,Alzner,WSH,28,D,0,8473991,82,4,0.0487,17,0.2073,21,0.256,14,0,0.0,0,75,0.9146,135,1.6463,207,2.5243,27.4146,0.0533,1283,1306,-23,82,-58,-48,-47,-0.0228,959,931,28,46,10,-19,-28,-0.0107,0.4956,0.4323,1.009,0.0702
Jamie,Benn,DAL,27,L,1,8473994,82,41,0.5,48,0.5853,89,1.0853,7,30,0.3659,5,247,3.0121,156,1.9024,55,0.6707,26.7195,0.1659,1235,1063,172,84,-3,148,91,0.0169,893,790,103,43,4,96,56,0.0084,0.5374,0.5425,0.984,0.0891
Nick,Bonino,PIT,28,C,1,8474009,63,9,0.1428,20,0.3174,29,0.4603,13,2,0.0317,1,97,1.5396,22,0.3492,67,1.0634,22.6031,0.0927,667,634,33,46,-26,4,13,-0.0073,489,441,48,39,2,0,7,0.0037,0.5127,0.451,1.0268,0.0804
Ian,Cole,PIT,27,D,0,8474013,70,0,0.0,12,0.1714,12,0.1714,-3,1,0.0143,0,72,1.0285,122,1.7428,122,1.7428,23.4142,0.0,919,915,4,34,9,-33,-39,-0.0354,701,675,26,29,34,-26,-37,-0.0292,0.5011,0.5267,0.9836,0.061
Justin,Braun,SJS,29,D,0,8474027,80,4,0.05,19,0.2375,23,0.2875,11,1,0.0125,0,114,1.425,95,1.1875,140,1.75,25.575,0.035,1198,1112,86,40,-23,104,69,-0.001,883,766,117,31,37,96,49,0.0059,0.5186,0.4359,0.9966,0.0867
Kevin,Shattenkirk,STL,27,D,0,8474031,72,14,0.1944,30,0.4166,44,0.6111,-14,26,0.3611,1,180,2.5,82,1.1388,113,1.5694,28.3472,0.0777,1077,976,101,54,6,34,41,0.0116,782,713,69,42,-1,19,28,0.007,0.5246,0.5291,0.9799,0.0661
Pat,Maroon,ANA/ EDM,28,L,1,8474034,72,12,0.1666,15,0.2083,27,0.375,-7,8,0.1111,0,104,1.4444,151,2.0972,10,0.1388,16.5277,0.1153,734,714,20,36,-17,-26,1,-0.0218,553,543,10,9,6,-27,-5,-0.0327,0.5069,0.5885,0.9927,0.0742
James,van Riemsdyk,TOR,27,L,1,8474037,40,14,0.35,15,0.375,29,0.725,3,9,0.225,0,129,3.225,52,1.3,7,0.175,25.35,0.1085,611,509,102,74,8,63,20,0.069,450,400,50,35,8,30,7,0.0565,0.5455,0.6347,1.0103,0.0772
Paul,Byron,MTL,27,L,1,8474038,62,11,0.1774,7,0.1129,18,0.2903,-9,0,0.0,5,50,0.8064,112,1.8064,25,0.4032,22.0806,0.22,598,617,-19,1,4,-24,-24,-0.0316,419,453,-34,-5,-1,-29,-28,-0.0394,0.4922,0.4283,0.957,0.0541
Sam,Gagner,PHI,27,C,1,8474040,53,8,0.1509,8,0.1509,16,0.3018,4,3,0.0566,0,86,1.6226,17,0.3207,15,0.283,18.3773,0.093,597,555,42,18,-12,70,36,0.0231,422,401,21,-13,9,46,25,0.0122,0.5182,0.4834,1.0139,0.0731
Logan,Couture,SJS,27,C,1,8474053,52,15,0.2884,21,0.4038,36,0.6923,2,15,0.2885,0,137,2.6346,29,0.5576,38,0.7307,23.0384,0.1094,599,530,69,52,4,58,13,0.0004,425,360,65,34,24,47,7,-0.002,0.5306,0.5145,1.0096,0.0875
P.K.,Subban,MTL,27,D,0,8474056,68,6,0.0882,45,0.6617,51,0.75,4,24,0.3529,0,176,2.5882,102,1.5,80,1.1764,28.2647,0.034,1246,1127,119,114,11,24,-6,0.0052,906,853,53,57,13,11,-17,-0.0036,0.5251,0.5173,1.0123,0.0938
Riley,Nash,CAR,27,C,1,8474062,64,9,0.1406,13,0.2031,22,0.3437,-5,6,0.0938,0,76,1.1875,58,0.9062,21,0.3281,17.9687,0.1184,593,550,43,36,-19,15,26,-0.0046,422,415,7,20,-18,-7,5,-0.0119,0.5188,0.5532,0.9877,0.069
Thomas,Hickey,NYI,27,D,0,8474066,62,6,0.0967,12,0.1935,18,0.2903,9,0,0.0,0,55,0.887,65,1.0483,90,1.4516,22.3064,0.109,780,840,-60,74,-68,-80,-66,-0.0099,579,608,-29,45,-43,-45,-31,-0.0086,0.4815,0.5415,1.0319,0.0952
Kyle,Turris,OTT,27,C,1,8474068,57,13,0.228,17,0.2982,30,0.5263,-15,8,0.1404,1,122,2.1403,44,0.7719,31,0.5438,22.9473,0.1065,788,801,-13,61,-52,-16,-22,0.0387,560,606,-46,10,-30,-32,-26,0.0305,0.4959,0.5696,0.9895,0.0709
Brendan,Smith,DET,27,D,0,8474090,63,3,0.0476,12,0.1904,15,0.238,1,1,0.0159,0,82,1.3015,94,1.492,42,0.6666,25.1746,0.0365,918,696,222,103,45,140,74,0.0757,684,558,126,58,19,73,49,0.0744,0.5688,0.6087,0.9998,0.0777
Brandon,Sutter,VAN,27,C,1,8474091,20,5,0.25,4,0.2,9,0.45,3,1,0.05,1,45,2.25,12,0.6,10,0.5,24.2,0.1111,204,204,0,8,-7,13,-1,0.0082,163,145,18,2,5,22,11,0.0166,0.5,0.517,1.0532,0.0991
Colton,Sceviour,DAL,27,C,1,8474098,71,11,0.1549,12,0.169,23,0.3239,6,3,0.0423,1,125,1.7605,71,1.0,52,0.7323,19.0704,0.088,686,675,11,13,-23,22,21,-0.0265,490,492,-2,-1,-7,4,6,-0.031,0.504,0.4176,1.0058,0.0814
David,Perron,PIT/ ANA,28,L,1,8474102,71,12,0.169,24,0.338,36,0.507,-1,12,0.169,0,147,2.0704,142,2.0,23,0.3239,21.507,0.0816,856,797,59,70,-55,64,44,0.0095,647,600,47,35,-16,42,28,0.0011,0.5178,0.55,0.9854,0.0678
Carl,Gunnarsson,STL,30,D,0,8474125,72,3,0.0416,6,0.0833,9,0.125,7,1,0.0139,0,51,0.7083,67,0.9305,119,1.6527,25.0833,0.0588,884,893,-9,26,-39,-17,4,-0.0394,669,649,20,12,-13,16,21,-0.0267,0.4975,0.4925,1.0042,0.0813
Yannick,Weber,VAN,28,D,0,8474134,45,0,0.0,7,0.1555,7,0.1555,-17,5,0.1111,0,65,1.4444,49,1.0888,37,0.8222,25.2888,0.0,559,599,-40,-57,20,-29,-3,0.0089,417,469,-52,-55,16,-20,-13,-0.0011,0.4827,0.5644,0.9889,0.0722
Patrick,Kane,CHI,28,R,1,8474141,82,46,0.5609,60,0.7317,106,1.2926,17,37,0.4512,0,287,3.5,37,0.4512,21,0.256,23.9878,0.1602,1238,1158,80,70,-17,20,27,0.0153,875,862,13,12,-5,-6,6,0.004,0.5167,0.6667,1.0204,0.1008
Robert,Bortuzzo,STL,27,D,0,8474145,40,2,0.05,1,0.025,3,0.075,2,0,0.0,0,47,1.175,93,2.325,42,1.05,20.525,0.0425,454,376,78,23,19,25,36,0.0357,355,273,82,14,24,40,44,0.0601,0.547,0.4242,0.9981,0.0596
Mikael,Backlund,CGY,27,C,1,8474150,82,21,0.256,26,0.317,47,0.5731,10,9,0.1098,4,155,1.8902,68,0.8292,51,0.6219,23.7439,0.1354,1008,920,88,110,12,-7,-34,0.0581,731,654,77,80,27,-3,-30,0.059,0.5228,0.4908,1.0012,0.0859
Ryan,McDonagh,NYR,27,D,0,8474151,73,9,0.1232,25,0.3424,34,0.4657,26,9,0.1233,1,113,1.5479,98,1.3424,138,1.8904,28.9726,0.0796,1054,1173,-119,18,-103,-37,-34,0.001,800,813,-13,-3,-4,22,-6,0.0252,0.4733,0.4228,1.0395,0.1159
Max,Pacioretty,MTL,28,L,1,8474157,82,30,0.3658,34,0.4146,64,0.7804,-10,17,0.2073,1,303,3.6951,102,1.2439,37,0.4512,25.6951,0.099,1198,960,238,113,41,150,84,0.0568,883,699,184,75,51,123,58,0.0647,0.5551,0.5711,0.9801,0.0753
Jakub,Voracek,PHI,27,R,1,8474161,73,11,0.1506,44,0.6027,55,0.7534,-5,23,0.3151,0,213,2.9178,51,0.6986,34,0.4657,24.3698,0.0516,998,915,83,79,-39,74,43,0.0225,702,653,49,38,-7,35,18,0.0239,0.5217,0.4929,1.0077,0.0713
Jake,Muzzin,LAK,27,D,0,8474162,82,8,0.0975,32,0.3902,40,0.4878,7,13,0.1585,1,203,2.4756,197,2.4024,135,1.6463,30.5731,0.0394,1558,1154,404,175,86,251,143,0.0173,1159,861,298,106,91,181,101,0.0191,0.5745,0.5625,0.9801,0.0612
Alec,Martinez,LAK,29,D,0,8474166,78,10,0.1282,21,0.2692,31,0.3974,16,13,0.1667,1,124,1.5897,164,2.1025,182,2.3333,29.2051,0.0806,1276,1136,140,79,18,90,43,-0.0498,927,813,114,33,37,86,44,-0.04,0.529,0.4956,1.0111,0.0714
Carl,Hagelin,ANA/ PIT,28,L,1,8474176,80,14,0.175,25,0.3125,39,0.4875,8,0,0.0,2,178,2.225,84,1.05,33,0.4125,22.5375,0.0786,1111,878,233,80,48,177,105,0.0217,835,638,197,63,54,138,80,0.0318,0.5586,0.5189,0.9924,0.0794
Lars,Eller,MTL,27,C,1,8474189,79,13,0.1645,13,0.1645,26,0.3291,-13,1,0.0127,1,149,1.886,111,1.405,36,0.4556,22.2278,0.0872,939,841,98,54,20,65,24,0.0167,686,634,52,19,22,40,11,0.0095,0.5275,0.5089,0.9743,0.0758
Wayne,Simmonds,PHI,28,R,1,8474190,81,32,0.395,28,0.3456,60,0.7407,-7,21,0.2593,0,229,2.8271,192,2.3703,44,0.5432,22.6049,0.1397,1105,973,132,129,-28,120,31,0.0368,777,691,86,71,6,71,9,0.0364,0.5318,0.4719,0.9998,0.0836
Nick,Holden,COL,29,D,0,8474207,82,6,0.0731,16,0.1951,22,0.2682,-1,1,0.0122,0,98,1.1951,217,2.6463,118,1.439,28.1951,0.0612,1253,1546,-293,-32,-219,-149,-42,0.0094,936,1154,-218,-33,-153,-116,-32,-0.0078,0.4477,0.464,1.0073,0.0869
Jason,Demers,DAL,28,D,0,8474218,62,7,0.1129,16,0.258,23,0.3709,16,5,0.0806,1,94,1.5161,86,1.387,73,1.1774,28.0806,0.0744,1032,874,158,95,-18,143,81,0.0114,754,636,118,63,3,100,52,0.0233,0.5414,0.4945,0.996,0.0703
Zack,Smith,OTT,28,L,1,8474250,81,25,0.3086,11,0.1358,36,0.4444,16,5,0.0617,6,121,1.4938,175,2.1604,26,0.3209,20.6172,0.2066,920,892,28,108,-40,-37,-40,0.0422,670,667,3,45,-8,-27,-34,0.0432,0.5077,0.4108,1.0243,0.0806
Jay,Beagle,WSH,31,C,1,8474291,57,8,0.1403,9,0.1578,17,0.2982,0,0,0.0,0,74,1.2982,55,0.9649,24,0.421,19.6842,0.1081,581,587,-6,22,-58,8,30,-0.018,438,424,14,9,-17,12,22,-0.0114,0.4974,0.4164,1.0086,0.0597
Drew,Doughty,LAK,27,D,0,8474563,82,14,0.1707,37,0.4512,51,0.6219,24,24,0.2927,2,197,2.4024,125,1.5243,105,1.2804,33.2926,0.071,1778,1241,537,280,74,371,183,0.0433,1351,959,392,208,72,273,112,0.0402,0.5889,0.5688,1.0008,0.0658
Alex,Pietrangelo,STL,26,D,0,8474565,73,7,0.0958,30,0.4109,37,0.5068,10,5,0.0685,1,182,2.4931,48,0.6575,136,1.863,30.9178,0.0384,1339,1285,54,70,-7,3,-9,-0.0178,997,963,34,27,10,-16,-3,-0.0277,0.5103,0.4642,1.0137,0.0689
Luke,Schenn,PHI/ LAK,27,D,0,8474568,72,4,0.0555,12,0.1666,16,0.2222,-2,1,0.0139,0,76,1.0555,234,3.25,106,1.4722,25.6666,0.0526,1007,979,28,-2,-9,42,39,-0.0535,714,734,-20,-40,8,18,12,-0.0646,0.507,0.5056,1.0072,0.0907
Colin,Wilson,NSH,27,C,1,8474569,64,6,0.0937,18,0.2812,24,0.375,-1,1,0.0156,0,108,1.6875,61,0.9531,25,0.3906,19.6562,0.0555,755,681,74,80,-13,11,7,0.0032,567,484,83,55,3,40,25,0.002,0.5258,0.5236,0.9901,0.0718
Mikkel,Boedker,ARI/ COL,27,L,1,8474571,80,17,0.2125,34,0.425,51,0.6375,-33,19,0.2375,0,166,2.075,51,0.6375,31,0.3875,22.35,0.1024,934,1117,-183,-10,-89,-152,-84,-0.0149,692,851,-159,-42,-43,-126,-74,-0.0176,0.4554,0.5144,0.9725,0.0709
Josh,Bailey,NYI,27,R,1,8474573,81,12,0.1481,20,0.2469,32,0.395,-7,5,0.0617,0,105,1.2962,45,0.5555,25,0.3086,20.716,0.1142,1000,1031,-31,17,-48,-35,0,-0.0019,714,778,-64,-15,-39,-50,-10,-0.026,0.4924,0.5,0.9945,0.0749
Erik,Karlsson,OTT,26,D,0,8474578,82,16,0.1951,66,0.8048,82,1.0,-2,26,0.3171,0,248,3.0243,84,1.0243,175,2.1341,27.0853,0.0645,1676,1580,96,141,-67,32,22,0.0724,1201,1185,16,42,-30,-4,4,0.0649,0.5147,0.5502,0.9985,0.0891
Luca,Sbisa,VAN,26,D,0,8474579,41,2,0.0487,6,0.1463,8,0.1951,5,0,0.0,1,29,0.7073,71,1.7317,58,1.4146,23.9268,0.0689,484,603,-119,0,-54,-79,-65,-0.0375,362,465,-103,-23,-29,-61,-51,-0.0525,0.4453,0.5223,1.0259,0.0806
Jake,Gardiner,TOR,26,D,0,8474581,79,7,0.0886,24,0.3037,31,0.3924,-15,12,0.1519,1,122,1.5443,87,1.1012,67,0.8481,27.6329,0.0573,1358,1184,174,125,3,114,46,0.0354,1001,930,71,52,3,54,16,0.036,0.5342,0.5074,0.9801,0.0599
Michael,Del Zotto,PHI,26,D,0,8474584,52,4,0.0769,9,0.173,13,0.25,-8,1,0.0192,0,98,1.8846,140,2.6923,104,2.0,29.0576,0.0408,937,880,57,48,-38,63,47,0.0332,675,639,36,13,-8,39,31,0.0405,0.5157,0.4762,0.9762,0.0457
Jordan,Eberle,EDM,26,C,1,8474586,69,25,0.3623,22,0.3188,47,0.6811,-12,11,0.1594,0,173,2.5072,28,0.4057,23,0.3333,22.6086,0.1445,983,939,44,81,-4,-27,-33,0.0308,732,710,22,45,8,-28,-31,0.0319,0.5114,0.4975,0.9829,0.075
Tyler,Ennis,BUF,27,C,1,8474589,23,3,0.1304,8,0.3478,11,0.4782,-9,4,0.1739,0,57,2.4782,30,1.3043,8,0.3478,20.9565,0.0526,278,330,-52,-36,17,-46,-33,-0.0348,210,261,-51,-32,15,-46,-34,-0.0374,0.4572,0.456,0.9637,0.0446
John,Carlson,WSH,26,D,0,8474590,56,8,0.1428,31,0.5535,39,0.6964,16,14,0.25,1,124,2.2142,46,0.8214,114,2.0357,28.4107,0.0645,923,903,20,51,-51,27,20,-0.0104,682,648,34,21,3,22,10,-0.0033,0.5055,0.4924,1.015,0.0802
Roman,Josi,NSH,26,D,0,8474600,81,14,0.1728,47,0.5802,61,0.753,-3,24,0.2963,2,198,2.4444,59,0.7283,185,2.2839,29.8518,0.0707,1441,1425,16,111,-51,-26,-44,-0.0394,1092,1007,85,96,-11,40,0,-0.0278,0.5028,0.5105,0.9938,0.0711
Justin,Schultz,EDM/ PIT,26,D,0,8474602,63,4,0.0634,14,0.2222,18,0.2857,-15,8,0.127,0,82,1.3015,36,0.5714,72,1.1428,24.238,0.0487,837,867,-30,14,4,-50,-48,-0.0175,610,644,-34,3,13,-50,-50,-0.0249,0.4912,0.4891,0.9896,0.0813
Travis,Hamonic,NYI,26,D,0,8474612,72,5,0.0694,16,0.2222,21,0.2916,-5,0,0.0,1,147,2.0416,148,2.0555,128,1.7777,25.1111,0.034,1329,1298,31,21,-29,-11,39,0.0172,959,935,24,-4,-5,-1,33,0.0145,0.5059,0.4976,0.9895,0.0753
Derek,Stepan,NYR,26,C,1,8474613,72,22,0.3055,31,0.4305,53,0.7361,5,14,0.1944,3,192,2.6666,38,0.5277,39,0.5416,24.4027,0.1145,846,879,-33,42,-51,-12,-24,0.0248,634,640,-6,9,-15,13,0,0.0278,0.4904,0.4965,1.0281,0.1057
Marco,Scandella,MIN,26,D,0,8474618,73,5,0.0684,16,0.2191,21,0.2876,6,3,0.0411,1,126,1.726,66,0.9041,105,1.4383,27.3972,0.0396,1039,1168,-129,11,-94,-58,-46,-0.0253,768,853,-85,3,-51,-35,-37,-0.0326,0.4708,0.4502,1.022,0.0811
Jimmy,Hayes,BOS,27,R,1,8474625,75,13,0.1733,16,0.2133,29,0.3866,-12,5,0.0667,0,127,1.6933,128,1.7066,15,0.2,18.0,0.1023,766,889,-123,-50,-60,-67,-13,-0.0372,610,693,-83,-43,-33,-38,-7,-0.032,0.4628,0.5348,0.9773,0.0651
Jori,Lehtera,STL,29,C,1,8474627,79,9,0.1139,25,0.3164,34,0.4303,12,9,0.1139,0,83,1.0506,43,0.5443,26,0.3291,24.0379,0.1084,929,834,95,67,-12,67,40,0.0094,671,630,41,21,-1,29,21,-0.0092,0.5269,0.568,1.0265,0.0907
Michael,Stone,ARI,26,D,0,8474628,75,6,0.08,30,0.4,36,0.48,-10,14,0.1867,0,161,2.1466,137,1.8266,143,1.9066,30.0,0.0372,1101,1227,-126,77,-82,-177,-121,0.004,819,935,-116,51,-55,-150,-112,0.0033,0.4729,0.4686,1.0055,0.0727
Adam,Henrique,NJD,26,C,1,8474641,80,30,0.375,20,0.25,50,0.625,10,12,0.15,3,149,1.8625,66,0.825,56,0.7,25.35,0.2013,738,880,-142,6,-95,-105,-53,-0.0046,569,666,-97,1,-60,-71,-38,-0.0093,0.4561,0.5062,1.0298,0.1093
Dale,Weise,MTL/ CHI,28,R,1,8474668,71,14,0.1971,13,0.183,27,0.3802,4,6,0.0845,0,136,1.9154,127,1.7887,26,0.3661,19.8028,0.1029,777,709,68,58,-19,27,29,0.0053,558,522,36,21,-8,15,23,-0.0002,0.5229,0.568,1.0107,0.0831
TJ,Brodie,CGY,26,D,0,8474673,70,6,0.0857,39,0.5571,45,0.6428,4,9,0.1286,2,79,1.1285,15,0.2142,104,1.4857,30.1,0.0759,1202,1230,-28,84,-54,-80,-58,0.0185,868,900,-32,32,-4,-67,-60,0.004,0.4942,0.482,1.0006,0.093
Gustav,Nyquist,DET,27,R,1,8474679,82,17,0.2073,26,0.317,43,0.5243,-2,12,0.1463,0,161,1.9634,58,0.7073,19,0.2317,20.0487,0.1055,869,725,144,53,41,73,50,0.0368,651,578,73,12,34,35,27,0.0356,0.5452,0.5846,0.999,0.0814
Matt,Calvert,CBJ,27,L,1,8474685,73,11,0.1506,13,0.178,24,0.3287,1,1,0.0137,0,114,1.5616,91,1.2465,46,0.6301,20.2876,0.0964,747,848,-101,-37,-69,-68,5,-0.0137,569,605,-36,-42,-13,-33,19,0.0004,0.4683,0.4504,1.0121,0.078
Greg,Pateryn,MTL,26,D,0,8474688,38,1,0.0263,6,0.1578,7,0.1842,-8,0,0.0,0,32,0.8421,100,2.6315,52,1.3684,21.921,0.0312,481,484,-3,20,-16,5,-7,-0.0018,348,342,6,6,-3,7,3,0.0104,0.4984,0.4046,0.968,0.0672
Mark,Borowiecki,OTT,27,D,0,8474697,63,1,0.0158,1,0.0158,2,0.0317,-4,0,0.0,0,27,0.4285,271,4.3015,99,1.5714,20.8412,0.037,620,758,-138,-3,-70,-97,-65,-0.0339,455,571,-116,-21,-47,-76,-48,-0.0293,0.4499,0.4037,0.9887,0.0573
Matt,Martin,NYI,27,L,1,8474709,80,10,0.125,9,0.1125,19,0.2375,2,0,0.0,0,86,1.075,365,4.5625,24,0.3,15.55,0.1162,701,718,-17,15,-38,-1,6,-0.0036,505,523,-18,-11,-8,-7,1,-0.011,0.494,0.4118,1.0096,0.0951
Cam,Atkinson,CBJ,27,R,1,8474715,81,27,0.3333,26,0.3209,53,0.6543,-8,10,0.1235,2,226,2.7901,47,0.5802,40,0.4938,23.6296,0.1194,967,981,-14,-10,-50,1,46,0.0253,737,723,14,-23,-28,24,65,0.0285,0.4964,0.4677,0.982,0.0818
Jared,Spurgeon,MIN,27,D,0,8474716,77,11,0.1428,18,0.2337,29,0.3766,11,13,0.1688,3,122,1.5844,51,0.6623,157,2.0389,29.4545,0.0901,1241,1250,-9,46,-52,20,-3,0.0396,940,913,27,23,2,38,2,0.0395,0.4982,0.542,0.9976,0.0791
Mark,Barberio,MTL,26,D,0,8474717,30,2,0.0666,8,0.2666,10,0.3333,0,0,0.0,0,32,1.0666,12,0.4,18,0.6,19.3333,0.0625,395,342,53,41,30,3,-18,0.0344,284,242,42,31,20,7,-9,0.0495,0.536,0.504,1.0043,0.0876
Jordie,Benn,DAL,29,D,0,8474818,64,3,0.0468,9,0.1406,12,0.1875,2,1,0.0156,1,58,0.9062,90,1.4062,94,1.4687,22.7031,0.0517,771,808,-37,54,-42,-46,-49,-0.0485,577,588,-11,43,-29,-19,-25,-0.0294,0.4883,0.5461,1.0002,0.0858
Antoine,Roussel,DAL,27,L,1,8474849,80,13,0.1625,16,0.2,29,0.3625,11,1,0.0125,1,111,1.3875,123,1.5375,58,0.725,21.1875,0.1171,973,928,45,64,-30,37,11,-0.0191,710,672,38,40,-5,32,3,-0.0153,0.5118,0.4636,1.0038,0.0697
Tyler,Johnson,TBL,26,C,1,8474870,69,14,0.2028,24,0.3478,38,0.5507,4,13,0.1884,0,167,2.4202,46,0.6666,25,0.3623,20.5217,0.0838,843,777,66,54,-11,32,23,0.0019,640,602,38,30,10,6,-2,0.0043,0.5204,0.5487,1.0219,0.0889
Mike,Hoffman,OTT,27,L,1,8474884,78,29,0.3717,30,0.3846,59,0.7564,1,13,0.1667,0,242,3.1025,22,0.282,29,0.3717,21.4615,0.1198,983,1022,-39,39,-67,-5,-11,0.0246,715,768,-53,13,-48,-22,-18,0.0243,0.4903,0.6036,1.0224,0.0957
Tyler,Bozak,TOR,30,C,1,8475098,57,12,0.2105,23,0.4035,35,0.614,-9,10,0.1754,0,99,1.7368,46,0.807,24,0.421,24.4736,0.1212,808,759,49,83,-34,-8,0,0.0276,599,598,1,39,-20,-28,-18,0.0266,0.5156,0.5691,0.9908,0.067
Jordan,Schroeder,MIN,26,C,1,8475147,26,2,0.0769,2,0.0769,4,0.1538,2,0,0.0,0,30,1.1538,15,0.5769,13,0.5,13.7307,0.0666,189,232,-43,-7,-17,-27,-19,-0.0062,131,172,-41,-6,-16,-27,-19,-0.0298,0.4489,0.4683,1.0412,0.0968
Marcus,Johansson,WSH,26,L,1,8475149,74,17,0.2297,29,0.3918,46,0.6216,12,14,0.1892,0,132,1.7837,38,0.5135,24,0.3243,19.7297,0.1287,858,880,-22,15,-19,-8,-18,-0.0197,636,643,-7,8,-2,-2,-13,-0.0213,0.4937,0.5553,1.0174,0.0839
Kyle,Palmieri,NJD,25,R,1,8475151,82,30,0.3658,27,0.3292,57,0.6951,3,23,0.2805,0,222,2.7073,129,1.5731,51,0.6219,22.2926,0.1351,776,929,-153,8,-79,-98,-82,-0.009,580,683,-103,6,-61,-48,-48,-0.0143,0.4551,0.4267,1.0311,0.078
Ryan,O'Reilly,BUF,25,C,1,8475158,71,21,0.2957,39,0.5492,60,0.845,-16,22,0.3099,1,157,2.2112,17,0.2394,43,0.6056,25.845,0.1337,919,975,-56,6,-54,-42,-8,0.0085,704,730,-26,0,-26,-18,0,0.0227,0.4852,0.4647,0.9794,0.071
Kyle,Clifford,LAK,25,L,1,8475160,56,3,0.0535,6,0.1071,9,0.1607,-1,0,0.0,0,68,1.2142,111,1.9821,11,0.1964,13.5714,0.0441,491,427,64,48,1,37,15,-0.0403,364,317,47,30,10,26,7,-0.0394,0.5349,0.5839,0.9931,0.0569
Alex,Chiasson,OTT,26,R,1,8475163,77,8,0.1038,6,0.0779,14,0.1818,2,2,0.026,1,88,1.1428,103,1.3376,28,0.3636,20.2467,0.0909,633,815,-182,-32,-110,-93,-40,-0.0459,454,605,-151,-39,-67,-84,-45,-0.0475,0.4372,0.3826,1.0263,0.08
Jakob,Silfverberg,ANA,26,R,1,8475164,82,20,0.2439,19,0.2317,39,0.4756,8,4,0.0488,1,215,2.6219,87,1.0609,58,0.7073,24.1097,0.093,1052,887,165,71,19,83,75,0.0259,792,651,141,50,30,64,61,0.0245,0.5425,0.4212,0.9791,0.0599
John,Tavares,NYI,26,C,1,8475166,78,33,0.423,37,0.4743,70,0.8974,6,19,0.2436,0,250,3.2051,51,0.6538,29,0.3717,22.3589,0.132,1216,1140,76,38,11,-5,27,0.0326,889,833,56,9,31,5,16,0.0301,0.5161,0.6428,1.0164,0.0855
Victor,Hedman,TBL,26,D,0,8475167,78,10,0.1282,37,0.4743,47,0.6025,21,11,0.141,1,180,2.3076,62,0.7948,132,1.6923,26.2435,0.0555,1394,1062,332,109,71,240,152,0.0733,1023,804,219,44,76,155,99,0.0704,0.5676,0.5581,1.0182,0.0825
Matt,Duchene,COL,25,C,1,8475168,76,30,0.3947,29,0.3815,59,0.7763,-8,15,0.1974,0,200,2.6315,41,0.5394,37,0.4868,22.9736,0.15,986,1186,-200,-19,-118,-82,-63,0.0215,743,877,-134,-26,-63,-53,-45,0.0145,0.454,0.5751,1.0139,0.0847
Evander,Kane,BUF,25,L,1,8475169,65,20,0.3076,15,0.2307,35,0.5384,-14,6,0.0923,1,271,4.1692,171,2.6307,23,0.3538,23.8769,0.0738,987,957,30,22,-24,3,32,0.0549,768,734,34,0,-10,25,44,0.0637,0.5077,0.5162,0.9608,0.0468
Brayden,Schenn,PHI,25,C,1,8475170,80,26,0.325,33,0.4125,59,0.7375,3,22,0.275,0,178,2.225,187,2.3375,30,0.375,21.5,0.146,1010,994,16,73,-26,14,-31,-0.0004,724,735,-11,36,-8,12,-39,-0.0076,0.504,0.5229,1.024,0.0802
Oliver,Ekman-Larsson,ARI,25,D,0,8475171,75,21,0.28,34,0.4533,55,0.7333,-6,27,0.36,0,228,3.04,154,2.0533,67,0.8933,28.36,0.0921,1217,1202,15,117,-38,-74,-64,0.0551,910,925,-15,63,-31,-56,-47,0.0563,0.5031,0.4809,1.0102,0.0977
Nazem,Kadri,TOR,26,C,1,8475172,76,17,0.2236,28,0.3684,45,0.5921,-15,14,0.1842,0,260,3.421,148,1.9473,43,0.5657,25.0263,0.0653,1141,1033,108,55,29,58,24,0.0124,845,800,45,7,17,23,21,0.0186,0.5248,0.5118,0.968,0.0574
Magnus,Paajarvi,STL,25,L,1,8475175,48,3,0.0625,6,0.125,9,0.1875,-9,0,0.0,0,88,1.8333,44,0.9166,16,0.3333,19.5,0.034,590,482,108,56,-3,60,55,0.0448,443,361,82,36,2,41,44,0.0503,0.5504,0.4883,0.9665,0.0431
Ryan,Ellis,NSH,25,D,0,8475176,79,10,0.1265,22,0.2784,32,0.405,13,7,0.0886,1,152,1.924,61,0.7721,100,1.2658,25.6202,0.0657,1230,1024,206,134,19,125,53,0.026,904,762,142,95,6,79,41,0.0043,0.5457,0.5097,1.0065,0.0877
Calvin,de Haan,NYI,25,D,0,8475177,72,2,0.0277,14,0.1944,16,0.2222,3,1,0.0139,0,102,1.4166,128,1.7777,198,2.75,23.8194,0.0196,1159,1121,38,24,-1,4,15,0.0132,857,771,86,11,45,35,30,0.0389,0.5083,0.5076,0.9936,0.0768
Zack,Kassian,EDM,25,R,1,8475178,36,3,0.0833,5,0.1388,8,0.2222,-7,0,0.0,0,42,1.1666,95,2.6388,6,0.1666,16.6388,0.0714,351,418,-67,-5,-37,-37,-25,-0.0415,245,305,-60,-9,-24,-36,-27,-0.0462,0.4564,0.4857,0.9723,0.0514
Dmitry,Kulikov,FLA,26,D,0,8475179,74,1,0.0135,16,0.2162,17,0.2297,8,6,0.0811,0,99,1.3378,122,1.6486,121,1.6351,24.4324,0.0101,921,1036,-115,40,-132,-62,-23,-0.0368,710,791,-81,20,-96,-46,-5,-0.0352,0.4706,0.4898,1.0065,0.0837
Peter,Holland,TOR,25,C,1,8475180,65,9,0.1384,18,0.2769,27,0.4153,-16,11,0.1692,0,138,2.123,78,1.2,19,0.2923,20.6,0.0652,691,637,54,47,9,39,-2,0.0018,516,494,22,34,3,14,-15,0.0109,0.5203,0.4732,0.966,0.0449
Nick,Leddy,NYI,25,D,0,8475181,81,5,0.0617,35,0.432,40,0.4938,-9,19,0.2346,0,121,1.4938,83,1.0246,87,1.074,24.4567,0.0413,1390,1383,7,38,-66,-35,35,0.0089,995,1040,-45,-15,-35,-59,5,-0.0171,0.5013,0.492,0.9956,0.0749
Chris,Kreider,NYR,25,L,1,8475184,79,21,0.2658,22,0.2784,43,0.5443,10,8,0.1013,0,158,2.0,177,2.2405,33,0.4177,21.2278,0.1329,949,961,-12,25,-49,10,12,0.0334,699,695,4,1,0,14,3,0.0338,0.4969,0.5068,1.03,0.1036
John,Moore,NJD,26,D,0,8475186,73,4,0.0547,15,0.2054,19,0.2602,-12,6,0.0822,0,106,1.452,93,1.2739,83,1.1369,26.2739,0.0377,796,1022,-226,-55,-114,-126,-57,-0.0324,607,769,-162,-58,-75,-71,-29,-0.0419,0.4378,0.4793,0.9976,0.0778
Brayden,McNabb,LAK,25,D,0,8475188,81,2,0.0246,12,0.1481,14,0.1728,11,1,0.0123,1,91,1.1234,206,2.5432,95,1.1728,26.0617,0.0219,1399,1010,389,178,50,322,161,0.0238,1073,770,303,133,49,266,121,0.0289,0.5807,0.5646,0.9979,0.0644
Reilly,Smith,FLA,25,R,1,8475191,82,25,0.3048,25,0.3048,50,0.6097,19,11,0.1341,1,173,2.1097,85,1.0365,39,0.4756,23.8658,0.1445,919,844,75,88,-42,47,29,0.0474,704,679,25,65,-35,13,-5,0.0271,0.5213,0.4772,1.0358,0.0914
Tomas,Tatar,DET,26,L,1,8475193,81,21,0.2592,24,0.2962,45,0.5555,4,15,0.1852,0,165,2.037,74,0.9135,18,0.2222,19.7654,0.1272,875,675,200,94,27,123,79,0.0634,663,550,113,53,23,57,37,0.0591,0.5645,0.6037,0.9986,0.084
Tyson,Barrie,COL,25,D,0,8475197,78,13,0.1666,36,0.4615,49,0.6282,-16,21,0.2692,2,172,2.2051,37,0.4743,84,1.0769,27.5128,0.0755,1206,1504,-298,-31,-214,-127,-53,0.0031,894,1134,-240,-57,-141,-104,-42,-0.023,0.445,0.4721,1.0171,0.0874
Dmitry,Orlov,WSH,25,D,0,8475200,82,8,0.0975,21,0.256,29,0.3536,8,2,0.0244,0,90,1.0975,121,1.4756,61,0.7439,20.7317,0.0888,1174,1027,147,78,25,62,44,0.0334,845,776,69,22,27,9,20,0.0101,0.5334,0.631,1.0141,0.0992
Brian,Dumoulin,PIT,25,D,0,8475208,79,0,0.0,16,0.2025,16,0.2025,11,0,0.0,0,101,1.2784,77,0.9746,68,0.8607,26.886,0.0,1200,1063,137,72,-14,135,79,0.0087,914,812,102,52,1,107,49,0.0059,0.5303,0.4702,1.0055,0.0735
Richard,Panik,CHI,25,R,1,8475209,30,6,0.2,2,0.0666,8,0.2666,4,0,0.0,0,39,1.3,54,1.8,11,0.3666,15.3666,0.1538,285,287,-2,1,-4,-7,1,0.0049,218,207,11,-4,15,7,0,0.0222,0.4983,0.5629,1.0351,0.08
Mattias,Ekholm,NSH,26,D,0,8475218,82,8,0.0975,27,0.3292,35,0.4268,14,5,0.061,2,114,1.3902,67,0.817,106,1.2926,25.878,0.0701,1213,1057,156,149,-63,80,70,0.0141,898,781,117,93,-35,55,59,-0.0013,0.5344,0.4875,1.0067,0.0896
Marcus,Foligno,BUF,25,L,1,8475220,75,10,0.1333,13,0.1733,23,0.3066,4,2,0.0267,2,81,1.08,193,2.5733,44,0.5866,18.4666,0.1234,737,846,-109,-48,-54,-67,-7,-0.0126,571,645,-74,-55,-26,-59,7,-0.0071,0.4656,0.4045,1.0061,0.0778
Sami,Vatanen,ANA,25,D,0,8475222,71,9,0.1267,29,0.4084,38,0.5352,8,19,0.2676,0,140,1.9718,85,1.1971,105,1.4788,26.2394,0.0642,1021,997,24,71,-44,29,-3,-0.0299,753,719,34,42,-7,33,-1,-0.0325,0.5059,0.5105,0.9984,0.0698
Craig,Smith,NSH,27,R,1,8475225,82,21,0.256,16,0.1951,37,0.4512,4,5,0.061,0,199,2.4268,84,1.0243,18,0.2195,20.7804,0.1055,1079,826,253,138,38,147,77,0.0572,808,609,199,97,33,121,69,0.0478,0.5664,0.7752,1.0023,0.0876
Casey,Cizikas,NYI,25,C,1,8475231,80,8,0.1,21,0.2625,29,0.3625,4,0,0.0,3,84,1.05,158,1.975,62,0.775,19.6625,0.0952,671,709,-38,17,-43,-21,-12,-0.0132,482,517,-35,-11,-12,-22,-12,-0.0228,0.4862,0.4079,1.0093,0.0955
David,Savard,CBJ,26,D,0,8475233,65,4,0.0615,21,0.323,25,0.3846,-7,5,0.0769,1,122,1.8769,122,1.8769,111,1.7076,26.9692,0.0327,976,1083,-107,-1,-78,-46,-28,-0.0123,733,794,-61,-17,-40,-18,-4,-0.0095,0.474,0.4423,1.0046,0.0827
Nicolas,Deslauriers,BUF,25,L,1,8475235,70,6,0.0857,6,0.0857,12,0.1714,-14,0,0.0,0,72,1.0285,206,2.9428,30,0.4285,14.3142,0.0833,495,673,-178,-47,-44,-113,-87,-0.0676,364,497,-133,-41,-37,-78,-55,-0.0701,0.4238,0.4939,0.9699,0.0634
Cody,Eakin,DAL,25,C,1,8475236,82,16,0.1951,19,0.2317,35,0.4268,3,4,0.0488,4,132,1.6097,98,1.1951,47,0.5731,23.4512,0.1212,984,1012,-28,60,-51,-4,-37,-0.044,710,757,-47,34,-47,-24,-34,-0.0551,0.493,0.4933,0.991,0.0752
Kevin,Connauton,CBJ/ ARI,26,D,0,8475246,65,5,0.0769,12,0.1846,17,0.2615,7,3,0.0462,0,109,1.6769,100,1.5384,58,0.8923,22.4615,0.0458,848,953,-105,30,-105,-64,-30,0.0028,641,705,-64,26,-76,-27,-14,0.0036,0.4708,0.5143,1.0288,0.0835
Ben,Chiarot,WPG,25,D,0,8475279,70,1,0.0142,9,0.1285,10,0.1428,-9,0,0.0,0,74,1.0571,130,1.8571,105,1.5,17.9857,0.0135,842,870,-28,12,-34,-24,-6,-0.0276,630,634,-4,-5,-3,5,4,-0.0218,0.4918,0.4865,0.9805,0.0726
Erik,Haula,MIN,25,L,1,8475287,76,14,0.1842,20,0.2631,34,0.4473,21,1,0.0132,4,99,1.3026,57,0.75,55,0.7236,18.6578,0.1414,604,742,-138,-9,-94,-60,-35,-0.0335,455,540,-85,-13,-48,-33,-24,-0.0316,0.4487,0.3625,1.0495,0.1065
Anders,Lee,NYI,26,L,1,8475314,80,15,0.1875,21,0.2625,36,0.45,-2,14,0.175,0,183,2.2875,164,2.05,31,0.3875,18.7375,0.0819,926,869,57,58,-17,-5,16,0.0265,686,621,65,24,2,12,39,0.0333,0.5159,0.5558,0.9932,0.0588
Marcus,Kruger,CHI,26,C,1,8475323,41,0,0.0,4,0.0975,4,0.0975,-5,0,0.0,0,50,1.2195,25,0.6097,31,0.756,21.756,0.0,386,411,-25,26,-38,-26,-13,-0.0331,279,290,-11,13,-26,-9,2,-0.0089,0.4843,0.188,0.9706,0.0388
Jordan,Nolan,LAK,27,C,1,8475325,52,0,0.0,5,0.0961,5,0.0961,0,0,0.0,0,49,0.9423,78,1.5,8,0.1538,12.8269,0.0,417,413,4,15,-34,52,23,-0.0791,304,317,-13,9,-24,26,2,-0.09,0.5024,0.5346,1.0077,0.0539
Brandon,Manning,PHI,26,D,0,8475430,56,1,0.0178,6,0.1071,7,0.125,2,0,0.0,0,67,1.1964,94,1.6785,57,1.0178,23.2142,0.0149,855,783,72,68,-38,35,42,0.0211,610,591,19,18,-15,5,16,0.0042,0.522,0.5804,1.0017,0.0495
Brenden,Dillon,SJS,26,D,0,8475455,76,2,0.0263,9,0.1184,11,0.1447,8,0,0.0,0,93,1.2236,154,2.0263,89,1.171,21.2894,0.0215,1054,1079,-25,12,-55,26,18,-0.0341,773,731,42,16,-8,39,34,-0.0239,0.4941,0.5521,1.0025,0.0674
Radko,Gudas,PHI,26,D,0,8475462,76,5,0.0657,9,0.1184,14,0.1842,-3,0,0.0,0,150,1.9736,304,4.0,157,2.0657,25.5263,0.0333,1297,1109,188,72,-31,169,147,0.0539,923,802,121,15,14,111,92,0.0495,0.5391,0.5007,0.9827,0.0581
Nate,Prosser,MIN,30,D,0,8475613,54,0,0.0,3,0.0555,3,0.0555,1,0,0.0,1,20,0.3703,34,0.6296,73,1.3518,16.4629,0.0,420,505,-85,-18,-33,-70,-34,-0.0382,317,347,-30,-14,-5,-26,-11,-0.0226,0.4541,0.3858,0.9889,0.0506
Christopher,Tanev,VAN,27,D,0,8475690,69,4,0.0579,14,0.2028,18,0.2608,-8,3,0.0435,1,42,0.6086,18,0.2608,166,2.4057,30.2898,0.0952,956,979,-23,43,-56,7,-10,0.0213,725,676,49,35,-23,49,37,0.0566,0.4941,0.4339,0.9727,0.0617
Mats,Zuccarello,NYR,29,R,1,8475692,81,26,0.3209,35,0.432,61,0.753,2,18,0.2222,0,166,2.0493,88,1.0864,69,0.8518,23.4691,0.1566,1064,1150,-86,34,-112,-28,-8,0.0091,789,817,-28,-7,-27,3,6,0.017,0.4806,0.5844,1.024,0.1009
Calle,Jarnkrok,NSH,25,C,1,8475714,81,16,0.1975,14,0.1728,30,0.3703,1,4,0.0494,1,125,1.5432,35,0.432,24,0.2962,23.1851,0.128,951,885,66,85,-27,33,8,-0.0076,739,665,74,59,3,46,12,-0.0109,0.518,0.5474,0.9898,0.0735
Oscar,Lindberg,NYR,25,C,1,8475715,68,13,0.1911,15,0.2205,28,0.4117,12,3,0.0441,0,114,1.6764,132,1.9411,36,0.5294,17.9705,0.114,629,681,-52,20,-77,-11,5,0.007,490,513,-23,12,-43,2,8,0.008,0.4802,0.6038,1.0326,0.0819
Jason,Zucker,MIN,24,L,1,8475722,71,13,0.183,10,0.1408,23,0.3239,-4,2,0.0282,2,158,2.2253,83,1.169,33,0.4647,19.8591,0.0822,811,848,-37,33,-41,-23,-29,0.0138,605,619,-14,14,-24,11,-4,0.0127,0.4888,0.5135,0.9956,0.0751
Tyler,Toffoli,LAK,24,R,1,8475726,82,31,0.378,27,0.3292,58,0.7073,35,11,0.1341,1,213,2.5975,70,0.8536,19,0.2317,22.6951,0.1455,1260,862,398,193,87,270,118,0.0426,900,672,228,121,51,159,56,0.0152,0.5938,0.5762,1.0299,0.0911
Ryan,Spooner,BOS,24,C,1,8475727,80,13,0.1625,36,0.45,49,0.6125,-9,17,0.2125,0,162,2.025,53,0.6625,19,0.2375,19.2375,0.0802,811,915,-104,-28,-100,-50,24,-0.0312,620,721,-101,-40,-66,-58,5,-0.0431,0.4699,0.5505,1.0063,0.08
Johan,Larsson,BUF,24,C,1,8475728,74,10,0.1351,7,0.0945,17,0.2297,-4,4,0.0541,0,95,1.2837,113,1.527,33,0.4459,19.4324,0.1052,807,916,-109,-43,-52,-75,-14,-0.0105,594,711,-117,-63,-41,-84,-13,-0.0254,0.4684,0.3816,1.0057,0.0588
Evgeny,Kuznetsov,WSH,24,C,1,8475744,82,20,0.2439,57,0.6951,77,0.939,27,18,0.2195,0,193,2.3536,73,0.8902,29,0.3536,20.7195,0.1036,1137,1028,109,77,41,-22,-9,0.0214,873,747,126,43,81,2,2,0.0355,0.5252,0.5633,1.0162,0.1025
Charlie,Coyle,MIN,24,C,1,8475745,82,21,0.256,21,0.256,42,0.5121,1,6,0.0732,1,140,1.7073,131,1.5975,61,0.7439,21.5,0.15,961,1059,-98,24,-66,-39,-56,-0.0038,720,764,-44,11,-9,-17,-46,-0.0014,0.4757,0.5183,1.0085,0.0783
Patrik,Nemeth,DAL,24,D,0,8475747,38,0,0.0,8,0.2105,8,0.2105,-1,1,0.0263,0,36,0.9473,58,1.5263,47,1.2368,21.921,0.0,529,491,38,78,-16,0,-24,-0.002,404,353,51,56,1,11,-6,0.0082,0.5186,0.4717,0.9904,0.0547
Jon,Merrill,NJD,24,D,0,8475750,47,1,0.0212,4,0.0851,5,0.1063,-15,1,0.0213,0,30,0.6382,48,1.0212,54,1.1489,22.7021,0.0333,500,580,-80,-25,-30,-16,-25,-0.0016,381,435,-54,-25,-11,-8,-18,-0.0051,0.463,0.5797,0.9684,0.0761
Justin,Faulk,CAR,24,D,0,8475753,64,16,0.25,21,0.3281,37,0.5781,-22,17,0.2656,0,184,2.875,109,1.7031,65,1.0156,28.5312,0.0869,1114,1017,97,97,-62,74,62,0.0093,820,784,36,48,-42,30,30,0.0041,0.5228,0.4901,0.9714,0.067
Brock,Nelson,NYI,25,C,1,8475754,81,26,0.3209,14,0.1728,40,0.4938,-3,5,0.0617,0,165,2.037,59,0.7283,50,0.6172,20.6913,0.1575,943,997,-54,12,-33,-78,-33,-0.0131,684,706,-22,2,-9,-37,-15,-0.0093,0.4861,0.578,1.0152,0.0847
Alexander,Petrovic,FLA,24,D,0,8475755,66,2,0.0303,15,0.2272,17,0.2575,17,0,0.0,1,53,0.803,157,2.3787,76,1.1515,21.2121,0.0377,785,834,-49,24,-63,-19,-10,-0.0023,611,631,-20,11,-34,0,3,0.0043,0.4849,0.4617,1.0363,0.1007
Devante,Smith-Pelly,MTL/ NJD,24,R,1,8475758,64,14,0.2187,11,0.1718,25,0.3906,-3,1,0.0156,0,94,1.4687,105,1.6406,23,0.3593,18.1562,0.1489,544,602,-58,22,-59,-34,-21,-0.033,409,457,-48,8,-43,-27,-13,-0.0349,0.4747,0.4032,1.0061,0.0892
Nick,Bjugstad,FLA,24,C,1,8475760,67,15,0.2238,19,0.2835,34,0.5074,-8,15,0.2239,0,171,2.5522,87,1.2985,28,0.4179,19.4925,0.0877,699,718,-19,20,-36,-23,-3,0.0093,554,566,-12,14,-22,-22,-4,0.0077,0.4933,0.4465,0.9841,0.0723
Kevin,Hayes,NYR,24,C,1,8475763,79,14,0.1772,22,0.2784,36,0.4556,4,6,0.0759,0,133,1.6835,59,0.7468,23,0.2911,18.8734,0.1052,811,843,-32,19,-79,4,28,0.0249,611,625,-14,6,-45,7,25,0.0225,0.4903,0.6092,1.0278,0.0907
Cam,Fowler,ANA,25,D,0,8475764,69,5,0.0724,23,0.3333,28,0.4057,-8,17,0.2464,0,113,1.6376,43,0.6231,112,1.6231,26.6956,0.0442,1023,1074,-51,7,-86,42,28,-0.0488,780,793,-13,-6,-44,48,37,-0.0443,0.4878,0.4525,0.9854,0.0726
Vladimir,Tarasenko,STL,25,R,1,8475765,80,40,0.5,34,0.425,74,0.925,7,24,0.3,0,292,3.65,32,0.4,28,0.35,26.6125,0.1369,1168,1017,151,43,-20,124,128,0.0226,869,760,109,11,-6,91,104,0.017,0.5346,0.6537,1.0129,0.0848
Austin,Watson,NSH,24,L,1,8475766,57,3,0.0526,7,0.1228,10,0.1754,-4,0,0.0,0,55,0.9649,74,1.2982,45,0.7894,15.3333,0.0545,369,444,-75,15,-55,-56,-35,-0.0881,267,291,-24,12,-27,-12,-9,-0.0693,0.4539,0.1834,0.9639,0.0663
Jaden,Schwartz,STL,24,L,1,8475768,33,8,0.2424,14,0.4242,22,0.6666,8,5,0.1515,0,63,1.909,26,0.7878,21,0.6363,24.4545,0.1269,429,367,62,13,3,55,46,-0.0076,318,283,35,-5,8,38,32,-0.0256,0.5389,0.6299,1.0238,0.0826
Riley,Sheahan,DET,25,C,1,8475772,81,14,0.1728,11,0.1358,25,0.3086,-8,4,0.0494,1,128,1.5802,72,0.8888,40,0.4938,22.2222,0.1093,811,764,47,33,-11,38,25,-0.0024,614,612,2,15,-12,2,-1,-0.0021,0.5149,0.4872,0.9855,0.0664
Chris,Wagner,ANA/ COL/ ANA,25,R,1,8475780,43,4,0.093,2,0.0465,6,0.1395,-2,0,0.0,0,55,1.279,95,2.2093,27,0.6279,13.3953,0.0727,285,335,-50,-23,-14,-38,-13,-0.0047,207,242,-35,-14,-12,-27,-9,-0.0077,0.4597,0.4765,0.9947,0.0486
Jeff,Skinner,CAR,24,C,1,8475784,82,28,0.3414,23,0.2804,51,0.6219,-2,7,0.0854,0,258,3.1463,21,0.256,17,0.2073,20.8658,0.1085,1033,999,34,95,-60,16,-1,-0.0087,770,766,4,50,-46,7,0,-0.0077,0.5084,0.5829,1.0064,0.0893
Erik,Gudbranson,FLA,24,D,0,8475790,64,2,0.0312,7,0.1093,9,0.1406,3,0,0.0,0,73,1.1406,150,2.3437,73,1.1406,23.25,0.0273,801,924,-123,9,-80,-73,-52,-0.0327,627,741,-114,7,-66,-75,-55,-0.0434,0.4643,0.4272,1.0118,0.0773
Taylor,Hall,EDM,25,L,1,8475791,82,26,0.317,39,0.4756,65,0.7926,-4,12,0.1463,0,286,3.4878,82,1.0,50,0.6097,23.9146,0.0909,1241,1155,86,113,3,33,-30,0.0435,906,845,61,65,21,19,-25,0.0508,0.5179,0.5271,1.001,0.0866
Brett,Connolly,BOS,24,R,1,8475792,71,9,0.1267,16,0.2253,25,0.3521,-1,5,0.0704,0,95,1.338,137,1.9295,36,0.507,18.7042,0.0947,802,755,47,27,-20,39,40,0.0352,616,577,39,14,-1,26,26,0.0353,0.5151,0.4669,0.9885,0.0796
Ryan,Johansen,CBJ/ NSH,24,C,1,8475793,80,14,0.175,46,0.575,60,0.75,6,22,0.275,0,185,2.3125,115,1.4375,30,0.375,21.8125,0.0756,973,978,-5,46,-75,10,24,0.0066,742,717,25,34,-47,33,38,0.0104,0.4987,0.5093,1.0186,0.0853
Tyler,Seguin,DAL,24,C,1,8475794,72,33,0.4583,40,0.5555,73,1.0138,2,24,0.3333,0,278,3.8611,80,1.1111,27,0.375,24.2222,0.1187,1163,949,214,83,21,173,110,0.0294,850,708,142,55,20,112,67,0.0246,0.5507,0.5623,0.9822,0.0942
Mark,Pysyk,BUF,24,D,0,8475796,55,1,0.0181,10,0.1818,11,0.2,-1,1,0.0182,1,44,0.8,37,0.6727,49,0.8909,23.2181,0.0227,720,677,43,19,-4,43,28,0.0462,529,521,8,7,3,10,-2,0.0364,0.5154,0.5455,0.9967,0.0743
Mikael,Granlund,MIN,24,R,1,8475798,82,13,0.1585,31,0.378,44,0.5365,-12,11,0.1341,1,160,1.9512,86,1.0487,57,0.6951,22.6219,0.0812,1075,1071,4,19,-15,-25,0,0.0325,807,801,6,-16,21,-19,1,0.0227,0.5009,0.5944,0.9796,0.0572
Nino,Niederreiter,MIN,24,R,1,8475799,82,20,0.2439,23,0.2804,43,0.5243,9,5,0.061,0,159,1.939,129,1.5731,19,0.2317,20.1219,0.1257,1011,849,162,91,-32,135,103,0.0887,767,610,157,58,20,122,79,0.0965,0.5435,0.515,1.0072,0.0888
Joakim,Nordstrom,CAR,24,C,1,8475807,71,10,0.1408,14,0.1971,24,0.338,1,0,0.0,1,81,1.1408,98,1.3802,32,0.4507,22.9577,0.1234,808,824,-16,-4,-59,29,47,-0.0222,597,616,-19,-13,-33,15,27,-0.0169,0.4951,0.4526,0.9946,0.0678
Bryan,Rust,PIT,24,R,1,8475810,41,4,0.0975,7,0.1707,11,0.2682,1,1,0.0244,0,68,1.6585,62,1.5121,23,0.5609,18.6585,0.0588,410,386,24,12,29,0,-17,-0.0462,319,288,31,9,38,6,-16,-0.0345,0.5151,0.428,0.9965,0.0641
Joonas,Donskoi,SJS,24,R,1,8475820,76,11,0.1447,25,0.3289,36,0.4736,4,8,0.1053,0,107,1.4078,31,0.4078,46,0.6052,20.0657,0.1028,910,792,118,65,8,109,45,0.0236,662,545,117,41,35,97,41,0.0242,0.5347,0.5019,1.0023,0.0837
Tom,Kuhnhackl,PIT,24,R,1,8475832,42,5,0.119,10,0.238,15,0.3571,3,0,0.0,2,52,1.238,57,1.3571,32,0.7619,19.3333,0.0961,376,422,-46,-8,-12,-10,-26,-0.0996,287,310,-23,-14,12,-8,-21,-0.0926,0.4712,0.3225,1.0102,0.0783
Brendan,Gallagher,MTL,24,R,1,8475848,53,19,0.3584,21,0.3962,40,0.7547,13,10,0.1887,0,173,3.2641,43,0.8113,25,0.4716,23.415,0.1098,766,603,163,59,43,93,61,0.0569,561,451,110,28,46,62,36,0.0533,0.5595,0.5541,1.0258,0.0911
Jesper,Fast,NYR,25,R,1,8475855,79,10,0.1265,20,0.2531,30,0.3797,9,0,0.0,0,75,0.9493,109,1.3797,55,0.6962,21.9873,0.1333,837,885,-48,28,-69,-1,-7,0.0154,618,640,-22,4,-20,-4,-6,0.016,0.4861,0.4581,1.0139,0.0856
Anthony,Bitetto,NSH,26,D,0,8475868,28,1,0.0357,5,0.1785,6,0.2142,0,0,0.0,0,19,0.6785,62,2.2142,41,1.4642,16.8571,0.0526,275,328,-53,-9,-27,-14,-17,-0.0621,202,230,-28,2,-20,-7,-10,-0.0668,0.4561,0.5422,1.0113,0.0753
Brandon,Davidson,EDM,25,D,0,8475869,51,4,0.0784,7,0.1372,11,0.2156,7,2,0.0392,1,63,1.2352,74,1.4509,92,1.8039,25.6666,0.0634,725,671,54,79,-14,3,-11,0.032,523,490,33,38,-5,8,0,0.0366,0.5193,0.4927,1.0048,0.0718
John,Klingberg,DAL,24,D,0,8475906,76,10,0.1315,48,0.6315,58,0.7631,22,22,0.2895,0,171,2.25,44,0.5789,68,0.8947,27.1052,0.0584,1578,1258,320,114,69,222,137,0.0465,1148,982,166,41,52,123,73,0.0244,0.5564,0.5161,1.0076,0.0842
Micheal,Ferland,CGY,24,L,1,8475907,71,4,0.0563,14,0.1971,18,0.2535,-15,2,0.0282,0,122,1.7183,207,2.9154,22,0.3098,20.1267,0.0327,703,740,-37,22,-25,-35,-34,0.013,524,527,-3,0,14,-15,-17,0.0237,0.4872,0.4345,0.9683,0.0696
Mark,Stone,OTT,24,R,1,8475913,75,23,0.3066,38,0.5066,61,0.8133,-4,15,0.2,3,151,2.0133,55,0.7333,54,0.72,23.8533,0.1523,1107,1041,66,154,-56,-11,-32,0.0578,791,764,27,80,-17,-25,-36,0.0607,0.5154,0.5195,1.0012,0.0802
Kevan,Miller,BOS,29,D,0,8476191,71,5,0.0704,13,0.183,18,0.2535,15,1,0.0141,0,64,0.9014,164,2.3098,123,1.7323,26.0422,0.0781,1020,1024,-4,27,-60,1,29,0.0051,759,765,-6,12,-12,-16,-6,0.0054,0.499,0.4858,1.0093,0.0874
Ryan,Dzingel,OTT,24,L,1,8476288,30,3,0.1,6,0.2,9,0.3,4,0,0.0,0,23,0.7666,54,1.8,4,0.1333,15.5666,0.1304,240,296,-56,-27,-22,-15,-7,-0.0365,173,233,-60,-32,-22,-22,-6,-0.0596,0.4478,0.535,1.0475,0.1037
Ondrej,Palat,TBL,25,L,1,8476292,62,16,0.258,24,0.387,40,0.6451,10,7,0.1129,3,117,1.887,108,1.7419,39,0.629,21.5322,0.1367,745,711,34,33,-19,9,20,-0.0123,557,558,-1,16,-4,-20,-13,-0.019,0.5117,0.537,1.033,0.0975
Scott,Wilson,PIT,24,C,1,8476293,24,5,0.2083,1,0.0416,6,0.25,0,0,0.0,0,39,1.625,38,1.5833,6,0.25,14.6666,0.1282,211,180,31,23,12,22,-4,0.0001,156,128,28,21,16,18,-9,0.0193,0.5396,0.5377,0.9779,0.0424
Josh,Manson,ANA,25,D,0,8476312,71,5,0.0704,10,0.1408,15,0.2112,11,0,0.0,0,88,1.2394,158,2.2253,67,0.9436,23.845,0.0568,1087,825,262,69,48,211,145,0.0575,827,616,211,42,48,150,121,0.0514,0.5685,0.5,0.9889,0.0673
Dylan,DeMelo,SJS,23,D,0,8476331,45,2,0.0444,2,0.0444,4,0.0888,0,4,0.0889,0,42,0.9333,39,0.8666,35,0.7777,18.4444,0.0476,475,429,46,12,16,53,18,0.0001,357,302,55,20,15,50,20,0.0066,0.5254,0.5559,0.9821,0.0549
Johnny,Gaudreau,CGY,23,L,1,8476346,79,30,0.3797,48,0.6075,78,0.9873,4,21,0.2658,0,217,2.7468,26,0.3291,10,0.1265,24.9367,0.1382,1095,1116,-21,52,-20,-37,-53,0.0212,799,812,-13,19,1,-18,-33,0.0156,0.4953,0.5506,1.0068,0.096
Tobias,Rieder,ARI,23,R,1,8476356,82,14,0.1707,23,0.2804,37,0.4512,-21,8,0.0976,1,189,2.3048,54,0.6585,43,0.5243,23.6341,0.074,964,980,-16,80,-55,-47,-41,0.0385,703,728,-25,47,-30,-37,-42,0.0394,0.4959,0.5191,0.9782,0.0723
Andrew,Shaw,CHI,25,R,1,8476381,78,14,0.1794,20,0.2564,34,0.4358,11,8,0.1026,0,153,1.9615,148,1.8974,21,0.2692,19.7564,0.0915,940,910,30,45,-19,-15,4,-0.0023,682,673,9,16,1,-16,-8,-0.0012,0.5081,0.4534,1.0211,0.0696
Vincent,Trocheck,FLA,23,C,1,8476389,76,25,0.3289,28,0.3684,53,0.6973,15,13,0.1711,1,174,2.2894,125,1.6447,41,0.5394,21.2894,0.1436,885,835,50,75,-14,0,-11,0.0425,680,655,25,44,0,-7,-19,0.0303,0.5145,0.4861,1.0347,0.1004
Adam,Lowry,WPG,23,C,1,8476392,74,7,0.0945,10,0.1351,17,0.2297,-9,0,0.0,0,73,0.9864,187,2.527,48,0.6486,20.3108,0.0958,684,776,-92,-28,-48,-46,-16,-0.0557,508,567,-59,-33,-14,-36,-12,-0.0486,0.4685,0.4653,0.9793,0.063
Nick,Cousins,PHI,23,C,1,8476393,36,6,0.1666,5,0.1388,11,0.3055,5,2,0.0556,0,41,1.1388,38,1.0555,17,0.4722,14.6944,0.1463,357,314,43,12,-3,51,34,0.0225,250,209,41,8,5,43,28,0.024,0.532,0.5697,1.0193,0.0726
Andy,Andreoff,LAK,25,C,1,8476404,60,8,0.1333,2,0.0333,10,0.1666,1,0,0.0,0,46,0.7666,82,1.3666,11,0.1833,13.1833,0.1739,474,469,5,15,-34,30,24,-0.0695,352,356,-4,7,-20,25,9,-0.0692,0.5027,0.5853,1.0113,0.0633
Jean-Gabriel,Pageau,OTT,24,C,1,8476419,82,19,0.2317,24,0.2926,43,0.5243,17,2,0.0244,9,133,1.6219,166,2.0243,60,0.7317,23.0731,0.1428,931,1050,-119,14,-70,-99,-63,-0.0064,659,763,-104,-9,-40,-85,-55,-0.0052,0.47,0.3548,1.0196,0.087
Reid,Boucher,NJD,23,C,1,8476423,39,8,0.2051,11,0.282,19,0.4871,-13,6,0.1538,0,74,1.8974,32,0.8205,14,0.3589,18.5384,0.1081,353,453,-100,-9,-27,-86,-64,-0.0154,270,338,-68,-6,-19,-52,-43,-0.0189,0.438,0.4732,0.9842,0.0695
Boone,Jenner,CBJ,23,C,1,8476432,82,30,0.3658,19,0.2317,49,0.5975,-15,14,0.1707,1,225,2.7439,213,2.5975,71,0.8658,21.1707,0.1333,994,1137,-143,15,-114,-85,-44,-0.0192,750,820,-70,7,-78,-28,1,-0.0107,0.4664,0.4465,0.988,0.0737
Dmitrij,Jaskin,STL,23,R,1,8476436,65,4,0.0615,9,0.1384,13,0.2,3,0,0.0,0,92,1.4153,126,1.9384,16,0.2461,16.923,0.0434,676,550,126,68,51,44,7,0.0321,495,397,98,42,50,32,6,0.0312,0.5514,0.4716,0.9963,0.0607
Victor,Rask,CAR,23,C,1,8476437,80,21,0.2625,27,0.3375,48,0.6,-6,18,0.225,0,160,2.0,32,0.4,34,0.425,22.4625,0.1312,970,989,-19,67,-69,-17,-17,-0.028,754,760,-6,40,-47,-1,1,-0.0131,0.4952,0.5719,0.9924,0.0784
Brandon,Saad,CBJ,24,L,1,8476438,78,31,0.3974,22,0.282,53,0.6794,1,8,0.1026,1,233,2.9871,43,0.5512,25,0.3205,22.5897,0.133,997,1001,-4,52,-37,0,-19,0.0235,732,734,-2,19,-8,1,-13,0.0152,0.499,0.5146,1.0216,0.0972
Markus,Granlund,CGY/ VAN,23,C,1,8476440,47,6,0.1276,4,0.0851,10,0.2127,-4,0,0.0,2,56,1.1914,31,0.6595,23,0.4893,19.9787,0.1071,418,527,-109,-2,-92,-62,-15,-0.0422,286,391,-105,-7,-82,-50,-16,-0.064,0.4423,0.551,0.992,0.0829
Joel,Edmundson,STL,23,D,0,8476441,67,1,0.0149,8,0.1194,9,0.1343,0,0,0.0,0,90,1.3432,165,2.4626,62,0.9253,21.4029,0.0111,882,769,113,55,20,59,38,0.0205,658,583,75,32,20,27,23,0.0072,0.5342,0.494,0.9875,0.0566
Matt,Nieto,SJS,24,L,1,8476442,67,8,0.1194,9,0.1343,17,0.2537,-8,1,0.0149,2,90,1.3432,33,0.4925,33,0.4925,20.1044,0.0888,714,698,16,18,-23,32,21,-0.0065,535,496,39,0,15,30,24,-0.0063,0.5057,0.4174,0.9731,0.0494
William,Karlsson,CBJ,23,C,1,8476448,81,9,0.1111,11,0.1358,20,0.2469,-9,0,0.0,0,108,1.3333,40,0.4938,48,0.5925,19.7283,0.0833,804,817,-13,12,-30,-18,5,0.0222,607,590,17,-13,5,8,25,0.0296,0.496,0.465,0.9847,0.0703
Nikita,Kucherov,TBL,23,R,1,8476453,77,30,0.3896,36,0.4675,66,0.8571,9,25,0.3247,0,209,2.7142,61,0.7922,28,0.3636,20.8701,0.1435,1061,899,162,55,28,129,79,0.0262,780,696,84,30,30,70,24,0.0141,0.5413,0.5912,1.0198,0.0869
Ryan,Nugent-Hopkins,EDM,23,C,1,8476454,55,12,0.2181,22,0.4,34,0.6181,-9,11,0.2,0,108,1.9636,39,0.709,36,0.6545,24.2363,0.1111,722,789,-67,34,-12,-82,-89,-0.0115,504,585,-81,11,-14,-75,-78,-0.0278,0.4778,0.5104,0.9967,0.0853
Gabriel,Landeskog,COL,24,L,1,8476455,75,20,0.2666,33,0.44,53,0.7066,-5,14,0.1867,3,169,2.2533,141,1.88,66,0.88,23.7866,0.1183,881,1053,-172,-35,-110,-104,-27,0.0182,685,745,-60,-29,-42,-25,11,0.0371,0.4555,0.5227,1.0039,0.0789
Jonathan,Huberdeau,FLA,23,L,1,8476456,76,20,0.2631,39,0.5131,59,0.7763,17,13,0.1711,1,174,2.2894,53,0.6973,36,0.4736,21.5657,0.1149,881,967,-86,13,-70,-49,-29,-0.0093,716,749,-33,8,-35,-10,-6,0.0013,0.4767,0.4246,1.0311,0.105
Adam,Larsson,NJD,24,D,0,8476457,82,3,0.0365,15,0.1829,18,0.2195,15,0,0.0,1,65,0.7926,163,1.9878,148,1.8048,27.3536,0.0461,942,1172,-230,-6,-135,-134,-89,-0.0248,726,848,-122,-4,-84,-50,-34,-0.0128,0.4456,0.3182,1.0222,0.0771
Ryan,Strome,NYI,23,C,1,8476458,71,8,0.1126,20,0.2816,28,0.3943,-9,4,0.0563,0,132,1.8591,77,1.0845,19,0.2676,19.7746,0.0606,949,936,13,34,2,-33,-23,0.0112,714,674,40,12,30,-1,-2,0.019,0.5034,0.5679,0.9941,0.0794
Mika,Zibanejad,OTT,23,C,1,8476459,81,21,0.2592,30,0.3703,51,0.6296,-2,11,0.1358,2,184,2.2716,111,1.3703,43,0.5308,23.6049,0.1141,972,1054,-82,74,-104,-55,-52,0.005,722,788,-66,47,-73,-43,-40,0.0136,0.4798,0.5994,1.0241,0.0937
Mark,Scheifele,WPG,23,C,1,8476460,71,29,0.4084,32,0.4507,61,0.8591,16,11,0.1549,0,194,2.7323,53,0.7464,36,0.507,23.1126,0.1494,1054,897,157,53,40,101,64,0.0418,795,661,134,19,41,95,74,0.0542,0.5402,0.5164,1.0206,0.1018
Sean,Couturier,PHI,24,C,1,8476461,63,11,0.1746,28,0.4444,39,0.619,8,7,0.1111,1,119,1.8888,31,0.492,30,0.4761,25.5238,0.0924,862,726,136,85,8,95,43,0.0416,589,525,64,36,28,17,0,0.027,0.5428,0.4463,1.0176,0.0885
Dougie,Hamilton,CGY,23,D,0,8476462,82,12,0.1463,31,0.378,43,0.5243,-14,16,0.1951,0,190,2.317,78,0.9512,106,1.2926,27.2926,0.0631,1247,1297,-50,73,-71,-34,-52,0.0155,914,934,-20,43,-41,12,-22,0.0158,0.4902,0.4953,0.9818,0.0676
Jonas,Brodin,MIN,23,D,0,8476463,68,2,0.0294,5,0.0735,7,0.1029,-5,0,0.0,0,58,0.8529,34,0.5,110,1.6176,26.3529,0.0344,922,1124,-202,-16,-147,-113,-39,-0.0388,684,808,-124,-28,-63,-71,-33,-0.0354,0.4506,0.4015,1.0006,0.0641
Ryan,Murphy,CAR,23,D,0,8476465,35,0,0.0,10,0.2857,10,0.2857,-1,1,0.0286,0,47,1.3428,25,0.7142,22,0.6285,21.4571,0.0,466,432,34,7,29,17,-2,0.0084,344,328,16,3,28,6,-15,0.0106,0.5189,0.5605,0.9883,0.0747
Sven,Baertschi,VAN,24,L,1,8476466,69,15,0.2173,13,0.1884,28,0.4057,-14,7,0.1014,0,108,1.5652,30,0.4347,36,0.5217,18.3043,0.1388,649,755,-106,25,-42,-112,-89,-0.012,479,576,-97,-2,-31,-88,-64,-0.0161,0.4623,0.4823,0.9963,0.0702
J.T.,Miller,NYR,23,C,1,8476468,82,22,0.2682,21,0.256,43,0.5243,10,4,0.0488,0,135,1.6463,174,2.1219,48,0.5853,20.4268,0.1629,955,975,-20,62,-89,-13,7,0.0288,688,693,-5,24,-54,11,25,0.0261,0.4948,0.5676,1.0164,0.0928
Joel,Armia,WPG,23,R,1,8476469,43,4,0.093,6,0.1395,10,0.2325,2,0,0.0,2,52,1.2093,59,1.372,20,0.4651,16.8837,0.0769,406,399,7,20,-15,28,2,-0.0071,290,277,13,8,-10,23,15,0.0007,0.5043,0.5086,0.9861,0.0686
Nathan,Beaulieu,MTL,24,D,0,8476470,64,2,0.0312,17,0.2656,19,0.2968,-6,3,0.0469,0,74,1.1562,59,0.9218,89,1.3906,22.0156,0.027,901,867,34,43,2,35,-11,-0.0112,637,636,1,5,19,5,-23,-0.0194,0.5096,0.4961,0.9858,0.0719
Oscar,Klefbom,EDM,23,D,0,8476472,30,4,0.1333,8,0.2666,12,0.4,-4,3,0.1,0,48,1.6,21,0.7,62,2.0666,27.4666,0.0833,439,428,11,19,11,-20,-19,0.0327,327,309,18,25,12,-15,-19,0.0553,0.5063,0.4665,0.9856,0.0769
Connor,Murphy,ARI,23,D,0,8476473,78,6,0.0769,11,0.141,17,0.2179,5,3,0.0385,0,101,1.2948,175,2.2435,139,1.782,28.923,0.0594,1108,1254,-146,31,-102,-114,-75,0.0024,824,964,-140,-1,-96,-85,-43,-0.0027,0.4691,0.4686,1.0208,0.0853
Phillip,Danault,CHI/ MTL,23,C,1,8476479,51,4,0.0784,6,0.1176,10,0.196,-5,0,0.0,0,72,1.4117,45,0.8823,28,0.549,19.3333,0.0555,532,508,24,-3,-5,62,32,0.0255,393,378,15,-3,7,38,11,0.0164,0.5115,0.3374,0.9644,0.035
Vladislav,Namestnikov,TBL,24,C,1,8476480,80,14,0.175,21,0.2625,35,0.4375,17,4,0.05,0,106,1.325,49,0.6125,33,0.4125,17.4125,0.132,906,735,171,66,11,131,94,0.0408,671,562,109,43,7,84,59,0.0393,0.5521,0.5232,1.0245,0.0858
Rickard,Rakell,ANA,23,C,1,8476483,72,20,0.2777,23,0.3194,43,0.5972,-1,10,0.1389,0,169,2.3472,121,1.6805,30,0.4166,20.5416,0.1183,894,790,104,52,-3,86,55,0.0019,703,583,120,33,18,90,69,0.0143,0.5309,0.5858,0.999,0.0865
Colin,Miller,BOS,24,D,0,8476525,42,3,0.0714,13,0.3095,16,0.3809,0,5,0.119,0,59,1.4047,45,1.0714,36,0.8571,20.5952,0.0508,552,508,44,31,6,26,7,0.026,434,378,56,22,15,37,19,0.0388,0.5208,0.638,0.9983,0.0764
Jonathan,Marchessault,TBL,26,C,1,8476539,45,7,0.1555,11,0.2444,18,0.4,-10,7,0.1556,0,81,1.8,61,1.3555,9,0.2,15.4222,0.0864,404,347,57,29,9,31,19,0.0166,312,262,50,20,16,18,14,0.0328,0.5379,0.4492,0.9532,0.0558
Torey,Krug,BOS,25,D,0,8476792,81,4,0.0493,40,0.4938,44,0.5432,9,19,0.2346,0,244,3.0123,61,0.753,94,1.1604,26.8271,0.0163,1283,1223,60,101,-95,17,54,0.0271,969,917,52,65,-60,25,47,0.0293,0.512,0.5377,1.0104,0.0757
J.T.,Brown,TBL,26,R,1,8476806,78,8,0.1025,14,0.1794,22,0.282,16,0,0.0,2,140,1.7948,103,1.3205,40,0.5128,17.7564,0.0571,826,748,78,29,14,48,35,0.0045,632,569,63,5,17,47,41,0.0144,0.5248,0.5136,1.0236,0.0744
Luke,Glendening,DET,27,C,1,8476822,81,8,0.0987,13,0.1604,21,0.2592,4,0,0.0,0,88,1.0864,143,1.7654,71,0.8765,21.7777,0.0909,656,794,-138,-7,-74,-51,-57,-0.0835,505,629,-124,-15,-58,-56,-51,-0.0754,0.4524,0.3195,1.0123,0.0793
Ryan,Murray,CBJ,23,D,0,8476850,82,4,0.0487,21,0.256,25,0.3048,-10,11,0.1341,0,90,1.0975,51,0.6219,171,2.0853,27.5365,0.0444,1219,1351,-132,-2,-88,-99,-42,-0.0087,912,963,-51,-18,-46,-40,13,0.0019,0.4743,0.4764,0.9985,0.0833
Alex,Galchenyuk,MTL,22,C,1,8476851,82,30,0.3658,26,0.317,56,0.6829,-8,16,0.1951,0,201,2.4512,62,0.756,36,0.439,22.3292,0.1492,1090,961,129,75,47,70,7,0.0225,807,699,108,36,52,64,20,0.0321,0.5314,0.6381,1.0036,0.0904
Morgan,Rielly,TOR,22,D,0,8476853,82,9,0.1097,27,0.3292,36,0.439,-17,8,0.0976,1,167,2.0365,58,0.7073,122,1.4878,30.4024,0.0538,1423,1432,-9,121,-76,-49,-54,-0.0245,1052,1140,-88,55,-72,-101,-71,-0.0299,0.4984,0.4673,0.9794,0.0652
Hampus,Lindholm,ANA,22,D,0,8476854,80,10,0.125,18,0.225,28,0.35,7,15,0.1875,1,149,1.8625,68,0.85,115,1.4375,26.25,0.0671,1360,1014,346,126,58,215,162,0.0747,1016,739,277,90,57,164,130,0.074,0.5729,0.5044,0.984,0.0565
Matt,Dumba,MIN,22,D,0,8476856,81,10,0.1234,16,0.1975,26,0.3209,1,12,0.1481,0,152,1.8765,83,1.0246,56,0.6913,21.6666,0.0657,971,1069,-98,0,-66,-18,-32,-0.0029,733,796,-63,-6,-26,-12,-31,-0.0084,0.476,0.5662,1.0216,0.0959
Phillip,Di Giuseppe,CAR,23,L,1,8476858,41,7,0.1707,10,0.2439,17,0.4146,0,0,0.0,0,68,1.6585,113,2.756,21,0.5121,19.2439,0.1029,482,527,-45,15,-16,-44,-44,-0.0244,372,413,-41,8,-14,-43,-35,-0.0206,0.4777,0.5114,1.0207,0.0909
Brendan,Gaunce,VAN,22,C,1,8476867,20,1,0.05,0,0.0,1,0.05,-9,0,0.0,0,34,1.7,34,1.7,3,0.15,17.8,0.0294,204,210,-6,7,-5,-7,-8,0.0413,148,166,-18,1,-6,-9,-13,0.0518,0.4928,0.4135,0.9383,0.0183
Tanner,Pearson,LAK,24,L,1,8476871,79,15,0.1898,21,0.2658,36,0.4556,11,4,0.0506,0,137,1.7341,104,1.3164,34,0.4303,20.5696,0.1094,936,690,246,81,49,186,116,0.0176,711,504,207,60,54,158,93,0.0333,0.5756,0.5417,1.0074,0.0769
Olli,Maatta,PIT,22,D,0,8476874,67,6,0.0895,13,0.194,19,0.2835,27,1,0.0149,1,95,1.4179,81,1.2089,87,1.2985,27.3283,0.0631,1061,968,93,60,-27,67,60,-0.01,791,721,70,21,19,21,30,-0.0117,0.5229,0.5548,1.0357,0.1015
Zemgus,Girgensons,BUF,22,C,1,8476878,71,7,0.0985,11,0.1549,18,0.2535,0,2,0.0282,1,110,1.5492,125,1.7605,41,0.5774,20.2957,0.0636,726,756,-30,-7,-17,-11,-6,0.0182,530,566,-36,-11,-14,-21,-11,0.0101,0.4899,0.4928,1.0095,0.0593
Cody,Ceci,OTT,23,D,0,8476879,75,10,0.1333,16,0.2133,26,0.3466,9,2,0.0267,0,116,1.5466,70,0.9333,130,1.7333,24.4133,0.0862,942,1179,-237,-5,-125,-182,-107,-0.0448,702,878,-176,-11,-79,-130,-86,-0.0366,0.4441,0.4643,1.024,0.0791
Tom,Wilson,WSH,22,R,1,8476880,82,7,0.0853,16,0.1951,23,0.2804,3,1,0.0122,1,99,1.2073,253,3.0853,48,0.5853,17.6829,0.0707,756,874,-118,7,-99,-54,-26,-0.0599,561,632,-71,-8,-45,-43,-18,-0.0569,0.4638,0.5073,1.0151,0.0889
Tomas,Hertl,SJS,23,C,1,8476881,81,21,0.2592,25,0.3086,46,0.5679,16,7,0.0864,0,202,2.4938,90,1.1111,60,0.7407,22.0246,0.1039,1181,908,273,125,46,169,102,0.0676,847,640,207,83,45,118,79,0.0558,0.5653,0.5008,1.0083,0.0911
Teuvo,Teravainen,CHI,22,L,1,8476882,78,13,0.1666,22,0.282,35,0.4487,-2,9,0.1154,1,136,1.7435,24,0.3076,31,0.3974,21.3846,0.0955,830,788,42,66,-69,30,45,0.0111,617,586,31,36,-26,8,21,0.0172,0.513,0.4362,0.9848,0.0551
Jacob,Trouba,WPG,22,D,0,8476885,81,6,0.074,15,0.1851,21,0.2592,10,4,0.0494,2,133,1.6419,144,1.7777,177,2.1851,26.5802,0.0451,1315,1221,94,31,-7,82,70,0.0072,965,874,91,-5,23,77,73,0.019,0.5185,0.511,1.0035,0.0771
Filip,Forsberg,NSH,22,L,1,8476887,82,33,0.4024,31,0.378,64,0.7804,1,23,0.2805,1,247,3.0121,114,1.3902,41,0.5,24.9756,0.1336,1203,933,270,179,21,158,70,0.0553,897,668,229,125,37,136,67,0.0541,0.5632,0.7686,1.0055,0.0872
Radek,Faksa,DAL,22,C,1,8476889,45,5,0.1111,7,0.1555,12,0.2666,9,1,0.0222,0,67,1.4888,48,1.0666,33,0.7333,18.5333,0.0746,486,418,68,14,8,57,46,0.0256,366,299,67,5,19,55,43,0.0376,0.5376,0.4221,1.0032,0.0826
Colton,Parayko,STL,23,D,0,8476892,79,9,0.1139,24,0.3037,33,0.4177,28,7,0.0886,0,165,2.0886,102,1.2911,122,1.5443,26.367,0.0545,1239,1011,228,99,50,109,79,0.0429,916,737,179,44,50,108,85,0.0435,0.5507,0.5111,1.0247,0.0893
Shayne,Gostisbehere,PHI,23,D,0,8476906,64,17,0.2656,29,0.4531,46,0.7187,8,22,0.3438,0,152,2.375,27,0.4218,59,0.9218,24.4375,0.1118,908,907,1,81,-58,21,-22,-0.013,648,640,8,44,-13,16,-23,-0.0104,0.5003,0.6091,1.031,0.0955
Chris,Tierney,SJS,22,C,1,8476919,79,7,0.0886,13,0.1645,20,0.2531,-16,1,0.0127,1,96,1.2151,24,0.3037,39,0.4936,19.6962,0.0729,744,809,-65,-13,-71,-2,19,-0.0492,564,576,-12,-7,-25,15,20,-0.0463,0.4791,0.4481,0.9557,0.0541
Jordan,Martinook,ARI,24,L,1,8476921,81,9,0.1111,15,0.1851,24,0.2962,-9,1,0.0123,2,109,1.3456,52,0.6419,40,0.4938,21.0493,0.0825,796,893,-97,41,-93,-63,-45,0.0045,592,674,-82,14,-55,-52,-41,0.0059,0.4713,0.4412,0.9849,0.0618
Damon,Severson,NJD,22,D,0,8476923,72,1,0.0138,20,0.2777,21,0.2916,-8,5,0.0694,0,94,1.3055,66,0.9166,41,0.5694,23.0972,0.0106,851,883,-32,-3,-44,-3,15,0.0374,666,689,-23,-13,-31,5,21,0.0305,0.4908,0.57,0.9982,0.0804
Colton,Sissons,NSH,23,C,1,8476925,34,4,0.1176,2,0.0588,6,0.1764,5,0,0.0,0,25,0.7352,35,1.0294,20,0.5882,14.9117,0.16,266,241,25,22,-17,4,20,-0.0216,190,156,34,15,-5,22,24,-0.0052,0.5247,0.3312,1.0208,0.0949
Jake,McCabe,BUF,23,D,0,8476931,77,4,0.0519,10,0.1298,14,0.1818,6,0,0.0,0,62,0.8051,114,1.4805,109,1.4155,26.2207,0.0645,1066,1188,-122,-19,-46,-111,-57,-0.0007,828,896,-68,-22,-20,-76,-26,0.0122,0.4729,0.4921,0.9965,0.0648
Brock,McGinn,CAR,22,L,1,8476934,21,3,0.1428,1,0.0476,4,0.1904,-14,0,0.0,0,25,1.1904,28,1.3333,6,0.2857,15.9047,0.12,161,192,-31,-5,0,-12,-26,-0.0786,124,143,-19,-8,5,-6,-16,-0.0455,0.4561,0.4836,0.901,0.0632
Jaccob,Slavin,CAR,22,D,0,8476958,63,2,0.0317,18,0.2857,20,0.3174,1,4,0.0635,1,84,1.3333,41,0.6507,119,1.8888,25.746,0.0238,997,962,35,21,-46,68,60,0.0066,753,710,43,22,-18,57,39,0.0274,0.5089,0.5015,0.9905,0.0693
Andreas,Athanasiou,DET,22,C,1,8476960,37,9,0.2432,5,0.1351,14,0.3783,1,0,0.0,1,53,1.4324,17,0.4594,8,0.2162,14.0,0.1698,278,267,11,5,9,10,-3,-0.0325,217,220,-3,-3,14,-9,-14,-0.0342,0.5101,0.641,1.0037,0.087
Cedric,Paquette,TBL,23,C,1,8476975,56,6,0.1071,5,0.0892,11,0.1964,-2,0,0.0,1,50,0.8928,137,2.4464,31,0.5535,17.2321,0.12,517,495,22,27,-18,45,13,-0.0163,388,372,16,7,-4,43,13,-0.0056,0.5109,0.4985,0.9768,0.044
Ben,Hutton,VAN,23,D,0,8477018,75,1,0.0133,24,0.32,25,0.3333,-21,7,0.0933,0,104,1.3866,42,0.56,100,1.3333,26.24,0.0096,962,1120,-158,-18,-73,-107,-67,-0.016,722,859,-137,-30,-56,-74,-51,-0.0139,0.4621,0.5235,0.9903,0.0612
Andrej,Sustr,TBL,26,D,0,8477205,77,4,0.0519,17,0.2207,21,0.2727,-2,0,0.0,0,65,0.8441,29,0.3766,66,0.8571,21.4155,0.0615,983,976,7,20,-20,54,7,-0.0311,729,753,-24,-3,-20,31,-1,-0.0326,0.5018,0.4439,1.01,0.0953
Danny,DeKeyser,DET,26,D,0,8477215,78,8,0.1025,12,0.1538,20,0.2564,2,0,0.0,0,72,0.923,88,1.1282,107,1.3717,30.9871,0.1111,1110,1166,-56,41,-68,-43,-29,-0.0518,850,927,-77,-9,-19,-68,-49,-0.0457,0.4877,0.4649,0.9949,0.0653
Nate,Schmidt,WSH,25,D,0,8477220,72,2,0.0277,14,0.1944,16,0.2222,12,0,0.0,0,80,1.1111,69,0.9583,111,1.5416,23.4166,0.025,1092,1066,26,34,-36,-18,28,0.0024,799,772,27,4,15,-17,8,0.0018,0.506,0.5545,1.0108,0.0744
Michael,Raffl,PHI,28,L,1,8477290,82,13,0.1585,18,0.2195,31,0.378,9,2,0.0244,0,132,1.6097,135,1.6463,34,0.4146,19.9756,0.0984,1036,871,165,106,10,102,49,0.0502,756,650,106,62,18,63,26,0.0459,0.5433,0.5305,1.018,0.0829
Anthony,Duclair,ARI,21,L,1,8477407,81,20,0.2469,24,0.2962,44,0.5432,12,12,0.1481,0,105,1.2962,27,0.3333,27,0.3333,19.7283,0.1904,848,857,-9,45,-11,-43,-43,0.0411,635,653,-18,17,-12,-15,-23,0.0418,0.4974,0.6073,1.0477,0.1098
Sven,Andrighetto,MTL,23,R,1,8477413,44,7,0.159,10,0.2272,17,0.3863,1,2,0.0455,0,74,1.6818,71,1.6136,17,0.3863,19.8636,0.0945,546,486,60,57,13,27,-10,0.0287,408,348,60,41,21,32,-2,0.0411,0.5291,0.6407,1.0153,0.083
Andrew,Copp,WPG,22,C,1,8477429,77,7,0.0909,6,0.0779,13,0.1688,8,0,0.0,0,54,0.7012,87,1.1298,18,0.2337,12.0519,0.1296,422,463,-41,-2,-18,-35,-21,-0.0406,306,341,-35,-9,-13,-29,-13,-0.042,0.4768,0.4593,1.0396,0.0856
Andre,Burakovsky,WSH,21,L,1,8477444,79,17,0.2151,21,0.2658,38,0.481,4,4,0.0506,0,126,1.5949,37,0.4683,24,0.3037,16.3544,0.1349,912,861,51,60,9,-25,-18,0.0037,663,631,32,35,32,-26,-35,-0.006,0.5144,0.5789,1.0006,0.0911
Marko,Dano,CHI/ WPG,22,C,1,8477448,34,5,0.147,5,0.147,10,0.2941,-7,1,0.0294,0,54,1.5882,62,1.8235,15,0.4411,16.647,0.0925,361,311,50,26,14,56,10,0.022,265,236,29,11,11,41,7,0.0191,0.5372,0.6042,0.952,0.057
Brett,Pesce,CAR,22,D,0,8477488,69,4,0.0579,12,0.1739,16,0.2318,-7,5,0.0725,0,85,1.2318,30,0.4347,83,1.2028,24.5652,0.047,947,927,20,63,-41,-8,-2,-0.0132,693,727,-34,21,-28,-48,-27,-0.0276,0.5053,0.511,0.9884,0.0579
Nathan,MacKinnon,COL,21,C,1,8477492,72,21,0.2916,31,0.4305,52,0.7222,-4,16,0.2222,1,245,3.4027,46,0.6388,53,0.7361,23.5555,0.0857,964,1111,-147,-50,-85,-23,-12,0.0369,741,797,-56,-42,-26,8,12,0.0446,0.4646,0.567,1.0106,0.0814
Aleksander,Barkov,FLA,21,C,1,8477493,66,28,0.4242,31,0.4696,59,0.8939,18,16,0.2424,2,171,2.5909,43,0.6515,39,0.5909,22.9848,0.1637,762,819,-57,37,-74,-39,-20,-0.0089,612,636,-24,27,-39,-16,-12,-0.0016,0.482,0.4607,1.0372,0.1099
Jonathan,Drouin,TBL,21,C,1,8477494,21,4,0.1904,6,0.2857,10,0.4761,1,2,0.0952,0,25,1.1904,18,0.8571,2,0.0952,18.0476,0.16,215,209,6,11,-4,-1,-1,0.0005,144,157,-13,0,-9,-10,-4,-0.0369,0.5071,0.5865,1.0936,0.1444
Seth,Jones,NSH/ CBJ,22,D,0,8477495,81,3,0.037,28,0.3456,31,0.3827,-14,13,0.1605,1,157,1.9382,86,1.0617,118,1.4567,26.0123,0.0191,1351,1205,146,101,-35,83,80,0.0276,987,844,143,46,-4,105,101,0.0304,0.5286,0.5236,0.9781,0.0601
Elias,Lindholm,CAR,22,C,1,8477496,82,11,0.1341,28,0.3414,39,0.4756,-23,16,0.1951,0,176,2.1463,112,1.3658,45,0.5487,24.4512,0.0625,1135,984,151,114,-37,61,74,0.0299,849,755,94,72,-33,37,55,0.0321,0.5356,0.5415,0.9639,0.0545
Sean,Monahan,CGY,22,C,1,8477497,81,27,0.3333,36,0.4444,63,0.7777,-6,20,0.2469,0,197,2.432,38,0.4691,37,0.4567,26.2716,0.137,1013,1089,-76,27,-41,-76,-62,-0.0002,746,784,-38,17,-15,-41,-40,0.0021,0.4819,0.5426,1.006,0.1018
Darnell,Nurse,EDM,21,D,0,8477498,69,3,0.0434,7,0.1014,10,0.1449,-13,1,0.0145,1,120,1.7391,160,2.3188,103,1.4927,25.6956,0.025,1010,1206,-196,-18,-46,-133,-132,-0.0547,729,909,-180,-32,-40,-126,-108,-0.0616,0.4558,0.4631,0.9884,0.0769
Rasmus,Ristolainen,BUF,22,D,0,8477499,82,9,0.1097,32,0.3902,41,0.5,-21,21,0.2561,0,202,2.4634,139,1.6951,137,1.6707,31.378,0.0445,1220,1474,-254,-86,-110,-138,-58,-0.036,902,1113,-211,-95,-83,-98,-33,-0.0417,0.4529,0.4358,0.9883,0.0655
Bo,Horvat,VAN,21,C,1,8477500,82,16,0.1951,24,0.2926,40,0.4878,-30,12,0.1463,0,155,1.8902,69,0.8414,53,0.6463,24.5609,0.1032,832,984,-152,-9,-43,-122,-100,-0.0189,614,766,-152,-43,-31,-100,-78,-0.0279,0.4581,0.4223,0.9752,0.0754
Max,Domi,ARI,21,L,1,8477503,81,18,0.2222,34,0.4197,52,0.6419,3,15,0.1852,1,156,1.9259,34,0.4197,25,0.3086,21.6172,0.1153,900,1033,-133,7,-36,-159,-104,-0.0048,673,780,-107,-1,-20,-118,-86,-0.0002,0.4656,0.5663,1.0381,0.0943
Alexander,Wennberg,CBJ,22,C,1,8477505,69,8,0.1159,32,0.4637,40,0.5797,-1,12,0.1739,0,97,1.4057,32,0.4637,46,0.6666,20.913,0.0824,778,801,-23,34,-58,-11,1,0.0118,574,589,-15,12,-23,-8,-4,0.0068,0.4927,0.5305,1.0099,0.0893
Nikita,Zadorov,COL,21,D,0,8477507,22,0,0.0,2,0.0909,2,0.0909,-5,0,0.0,0,18,0.8181,53,2.409,16,0.7272,21.3181,0.0,270,322,-52,-9,-31,-27,-12,0.0252,200,236,-36,-14,-15,-20,-7,0.0121,0.4561,0.4221,0.983,0.0608
Curtis,Lazar,OTT,21,C,1,8477508,76,6,0.0789,14,0.1842,20,0.2631,-1,2,0.0263,4,78,1.0263,118,1.5526,47,0.6184,19.4605,0.0769,649,866,-217,-78,-52,-138,-87,-0.0611,477,645,-168,-66,-32,-107,-70,-0.0562,0.4284,0.4282,0.9915,0.0634
Josh,Jooris,CGY,26,R,1,8477591,59,4,0.0677,9,0.1525,13,0.2203,-1,0,0.0,2,80,1.3559,62,1.0508,33,0.5593,19.4745,0.05,520,578,-58,8,-34,-46,-32,-0.0104,387,410,-23,3,-8,-19,-18,-0.0043,0.4736,0.4301,0.9895,0.058
Conor,Sheary,PIT,24,L,1,8477839,44,7,0.159,3,0.0681,10,0.2272,-1,0,0.0,0,51,1.159,15,0.3409,5,0.1136,13.7045,0.1372,383,281,102,63,38,59,1,0.0324,295,223,72,43,29,37,0,0.0229,0.5768,0.6205,0.9863,0.0599
Trevor,van Riemsdyk,CHI,25,D,0,8477845,82,3,0.0365,11,0.1341,14,0.1707,-5,2,0.0244,1,85,1.0365,44,0.5365,155,1.8902,27.878,0.0352,1251,1269,-18,33,-73,11,22,-0.0154,894,902,-8,1,-29,16,20,-0.0049,0.4964,0.5327,0.9912,0.0688
Christian,Folin,MIN,25,D,0,8477850,26,0,0.0,4,0.1538,4,0.1538,-1,0,0.0,0,14,0.5384,38,1.4615,30,1.1538,20.3461,0.0,243,322,-79,-3,-28,-67,-48,-0.0693,167,236,-69,-21,-9,-58,-39,-0.0902,0.4301,0.4835,1.0157,0.0804
Daniel,Carr,MTL,25,L,1,8477901,23,6,0.2608,3,0.1304,9,0.3913,0,1,0.0435,0,39,1.6956,25,1.0869,5,0.2173,18.1304,0.1538,248,199,49,21,15,25,13,0.0205,184,148,36,9,19,13,8,0.0286,0.5548,0.5901,0.9667,0.0657
Melker,Karlsson,SJS,26,C,1,8477922,65,10,0.1538,9,0.1384,19,0.2923,5,0,0.0,0,96,1.4769,76,1.1692,48,0.7384,20.3076,0.1041,651,666,-15,45,-45,-12,-15,-0.0319,482,461,21,31,-7,11,-3,-0.025,0.4943,0.5024,1.0063,0.0732
Pierre-Edouard,Bellemare,PHI,31,L,1,8477930,74,7,0.0945,7,0.0945,14,0.1891,-8,0,0.0,2,102,1.3783,65,0.8783,61,0.8243,19.7162,0.0686,685,790,-105,23,-84,-73,-44,-0.0555,496,563,-67,-6,-44,-45,-17,-0.0514,0.4644,0.5012,0.9767,0.045
Aaron,Ekblad,FLA,20,D,0,8477932,78,15,0.1923,21,0.2692,36,0.4615,18,9,0.1154,0,182,2.3333,87,1.1153,59,0.7564,24.0769,0.0824,1058,1029,29,71,-64,41,22,0.0308,843,815,28,46,-26,27,8,0.0295,0.5069,0.5585,1.0136,0.0903
Sam,Reinhart,BUF,21,C,1,8477933,79,23,0.2911,19,0.2405,42,0.5316,-8,10,0.1266,0,165,2.0886,26,0.3291,26,0.3291,20.3164,0.1393,951,915,36,52,-41,6,25,0.0463,711,700,11,25,-30,-1,16,0.0389,0.5096,0.5175,0.9924,0.0701
Leon,Draisaitl,EDM,21,C,1,8477934,72,19,0.2638,32,0.4444,51,0.7083,-2,9,0.125,0,133,1.8472,38,0.5277,18,0.25,23.0,0.1428,1044,959,85,93,-8,71,0,0.0413,779,703,76,62,6,47,8,0.0565,0.5212,0.5385,0.9952,0.0803
Sam,Bennett,CGY,20,C,1,8477935,77,18,0.2337,18,0.2337,36,0.4675,-11,8,0.1039,0,136,1.7662,110,1.4285,32,0.4155,21.3246,0.1323,885,932,-47,8,-25,-31,-30,0.008,626,679,-53,-12,-11,-36,-30,-0.0097,0.4871,0.5399,1.0047,0.0861
Nikolaj,Ehlers,WPG,20,L,1,8477940,72,15,0.2083,23,0.3194,38,0.5277,3,11,0.1528,0,167,2.3194,29,0.4027,25,0.3472,21.2638,0.0898,948,819,129,59,29,58,41,0.0338,708,593,115,20,44,73,51,0.0466,0.5365,0.5569,1.0035,0.0817
Dylan,Larkin,DET,20,C,1,8477946,80,23,0.2875,22,0.275,45,0.5625,11,5,0.0625,0,221,2.7625,65,0.8125,25,0.3125,21.9375,0.104,1003,930,73,13,38,50,22,0.0009,750,751,-1,-32,38,1,-7,-0.0043,0.5189,0.6063,1.0211,0.0872
Jared,McCann,VAN,20,C,1,8477955,69,9,0.1304,9,0.1304,18,0.2608,-6,3,0.0435,0,106,1.5362,45,0.6521,19,0.2753,18.1159,0.0849,658,729,-71,14,-65,-19,-20,0.0047,478,570,-92,-24,-43,-26,-25,-0.009,0.4744,0.5363,0.9975,0.0672
David,Pastrnak,BOS,20,R,1,8477956,51,15,0.2941,11,0.2156,26,0.5098,3,1,0.0196,0,108,2.1176,52,1.0196,15,0.2941,18.5686,0.1388,662,632,30,49,3,24,-22,0.0232,470,489,-19,23,-8,-15,-34,0.0006,0.5116,0.4961,1.0157,0.0873
Viktor,Arvidsson,NSH,23,L,1,8478042,56,8,0.1428,8,0.1428,16,0.2857,-8,1,0.0179,0,139,2.4821,27,0.4821,35,0.625,16.9642,0.0575,670,573,97,55,12,53,30,0.0196,495,403,92,37,11,56,44,0.0246,0.539,0.5128,0.9546,0.0532
Frank,Vatrano,BOS,22,C,1,8478366,39,8,0.2051,3,0.0769,11,0.282,-3,0,0.0,0,99,2.5384,61,1.5641,23,0.5897,16.923,0.0808,375,389,-14,18,-23,-36,-9,-0.0229,286,285,1,19,-15,-25,-3,-0.0246,0.4908,0.634,0.9641,0.0583
Noah,Hanifin,CAR,19,D,0,8478396,79,4,0.0506,18,0.2278,22,0.2784,-14,7,0.0886,0,122,1.5443,67,0.8481,78,0.9873,22.3924,0.0327,1058,1065,-7,49,-21,-41,-35,-0.0193,783,830,-47,21,-29,-58,-39,-0.0268,0.4984,0.5494,0.9912,0.0779
Connor,McDavid,EDM,19,C,1,8478402,45,16,0.3555,32,0.7111,48,1.0666,-1,14,0.3111,0,105,2.3333,12,0.2666,10,0.2222,22.8888,0.1523,637,593,44,43,-10,7,11,0.0466,479,445,34,21,4,7,9,0.0573,0.5179,0.5013,0.9913,0.1014
Jack,Eichel,BUF,20,C,1,8478403,81,24,0.2962,32,0.395,56,0.6913,-16,21,0.2593,0,238,2.9382,43,0.5308,25,0.3086,22.1728,0.1008,1000,1136,-136,-68,-18,-97,-50,-0.0115,739,872,-133,-81,-3,-109,-49,-0.0233,0.4682,0.5342,0.9951,0.0721
Artemi,Panarin,CHI,25,L,1,8478550,80,30,0.375,47,0.5875,77,0.9625,8,24,0.3,0,187,2.3375,46,0.575,14,0.175,22.75,0.1604,1121,1044,77,46,-7,39,38,0.016,789,776,13,1,-2,11,14,0.0061,0.5178,0.7537,1.0024,0.0922
